censustract,changeinrent0016,gentrificationcomposite
1000201,50.5995204,-1.423376269
1000202,100,-.18423179
1000600,44.5676275,-1.029827505
1000700,52.3834197,-1.482680753
1000800,82.6168224,.011639216
1000900,74.9125437,-.348495428
1001001,123.0630631,1.166370587
1001002,43.3691756,.897839601
1001200,129.0726817,.619953495
1001300,42.5787106,-.7650842369999999
1001401,63.3986928,.366736003
1001402,120.9150327,1.28588495
1001501,398.7421384,2.825781262
1001502,58.3756345,-1.204940403
1001600,88.5714286,.875375839
1001800,137.9061372,2.591247951
1002000,62.4489796,-.22619241
1002100,91.4660832,-.591374714
1002201,98.7525988,.786588649
1002202,130.0947867,1.547653662
1002400,83.9160839,2.745515172
1002500,40.7142857,-1.622470736
1002601,93.5010482,.8340116440000001
1002602,42.9723502,1.208290703
1002700,88.44036699999999,.363012705
1002800,48.9197531,-1.489186982
1002900,89.31451609999999,1.270054959
1003001,160.5830165,1.677356325
1003002,77.03281029999999,-.034224048
1003100,73.0557257,.43856969
1003200,124.173028,.36652893
1003300,55.7721139,-1.315556734
1003400,152.0935961,1.615965515
1003601,198.3451537,1.867624246
1003602,91.88861989999999,.072475608
1003700,103.7135279,-.383234965
1003800,100,-.032802939
1003900,130.5867665,1.446075148
1004000,119.3580742,.558462855
1004100,154.5289855,3.63767425
1004200,113.2751092,1.021755331
1004300,172.1046077,1.370270119
1004400,82.08373899999999,.623063539
1004500,39.3757503,-.5717008730000001
1004700,103.0160226,.134179486
1004800,63.0769231,-.5570343290000001
1004900,104.6184739,-.051311232
1005000,122.9045643,.345205048
1005200,64.60396040000001,-1.301687307
1005400,122.5614928,.405249748
1005501,80.56749789999999,-.859861326
1005502,47.5502513,-1.679120169
1005600,-10.0738397,-3.071224169
1005700,74.9125437,-.974319434
1005800,203.1714569,.07136371
1005900,76.20660460000001,-.693787892
1006000,161.1814346,1.967076418
1006100,91.7261056,-.7680992290000001
1006200,113.2983377,.661960952
1006300,89.76311340000001,.218174257
1006400,108.3848191,-.059159671
1006500,98.7676056,.458676483
1006600,65.54621849999999,-.773671578
1006700,120.8490566,.971501498
1006800,83.6025848,.141798299
1006900,73.8630685,-.345545812
1007000,89.03176999999999,.333458531
1007100,76.7111853,-.551792249
1007200,34.1714286,-1.57718006
1007300,99.31034480000001,.25535735
1007400,100.1410437,-.199906811
1007500,101.2155592,-.444155339
1007600,136.0888889,2.71794524
1007700,111.6920152,.393579989
1007800,72.9634831,-.614973898
1007900,48.699187,-1.675342323
1008000,90,-.000471995
1008100,83.6538462,.013405477
1008200,109.5518001,-.297545677
1008300,52.0259319,-1.437148409
1008400,88.9541716,1.173412859
1008601,93.3295325,.384436649
1008603,37.0892019,-2.436755969
1008700,136.9433198,1.132913647
1008800,72.5,-.84905506
1008900,97.8603604,.12737082
1009000,51.4792899,-.985678008
1009100,76.02179839999999,.016502319
1009200,114.4270404,.837095385
1009300,122.0338983,.110008339
1009500,93.1601732,-.611414894
1009600,133.5960591,.699622551
1009700,80,.012745173
1009800,85.56862750000001,-.492109974
1009900,209.6842105,3.630330782
1010000,98.16207179999999,.908984674
1010100,130.4147465,1.81165945
1010200,141.6260163,-1.441524224
1010300,103.9611964,1.982668161
1010400,111.4870882,-.885426222
1010601,80.80536910000001,-.617261061
1010602,87.4546773,-.778679157
1010800,66.8893838,-.409193943
1010900,165.8450704,1.970503207
1011000,53.5150646,-.740956021
1011100,179.8349057,2.171982513
1011201,44.33468910000001,-.907416533
1011202,274.8987854,1.651344883
1011203,80.74170459999999,1.2034609
1011300,288.4180791,2.111893365
1011401,6.6966517,-1.553602239
1011402,75.5610973,-1.127275575
1011500,150.7291667,1.952325499
1011600,76.8691589,.431861563
1011700,547.3563217999999,7.754247178
1011800,75.9566787,-.819138302
1011900,21.040724,-7.114296272
1012000,33.1733653,-1.543650833
1012100,100,1.194702923
1012200,100.5063291,-.749732262
1012400,81.6924329,-.598409194
1012500,70.56471760000001,.326736961
1012600,45.1761103,-1.143687262
1012700,107.1428571,-.001808925
1012800,47.8707783,-2.294578668
1012900,86.06620480000001,1.358437375
1013000,30.9200603,-1.663719878
1013100,134.2198582,.381637097
1013200,64.44444439999999,-.831441998
1013300,138.1838074,1.187174853
1013400,61.9377163,-1.665492124
1013500,154.63138,2.714277953
1013600,82.8215768,-.65102629
1013700,71.25676490000001,-.84283304
1013800,76.91673540000001,-.8441516610000001
1013900,89.0925756,-.6977123200000001
1014000,74.64788730000001,-1.135257317
1014200,71.57214640000001,-1.220905829
1014401,82.1052632,-1.134965277
1014402,77.54934209999999,-.289289789
1014500,69.76511739999999,-1.191099257
1014601,71.01669200000001,-.899188866
1014602,62.5,-.491738884
1014700,180.0681431,1.077722089
1014801,70.5752212,-.996016605
1014802,86.73139159999999,-.894396691
1014900,94.87852919999999,-.999856567
1015001,62.4617737,-2.164810703
1015002,61.1111111,-2.824159459
1015100,13.003096,-1.803257724
1015200,40.6962785,-.569613683
1015300,88.9050036,-1.812190563
1015400,84.00770709999999,-.619267849
1015500,196.1290323,1.294118033
1015601,53.6796537,-.804767507
1015602,110.2620087,3.622833339
1015700,90.7918969,-.238881849
1015801,79.0022338,-1.236282638
1015802,99.08409660000001,-.029905655
1015900,111.988012,.030512202
1016001,93.877551,-2.394440994
1016002,110.7594937,1.435816826
1016100,99.8269896,-.654815499
1016200,71.3043478,.645430816
1016300,89.1621129,-.5607667200000001
1016400,232.6996198,4.085431075
1016500,63.00085250000001,-1.631097896
1016600,105.0485437,1.57008599
1016700,57.898604,-1.199212635
1016800,77.03081229999999,.25444228
1016900,79.03930129999999,-1.816475575
1017000,97.95158290000001,.719980158
1017100,70.2226345,-1.186480497
1017200,122.9957806,2.143623579
1017300,56.3055062,-1.444811376
1017401,77.01863349999999,-1.004270341
1017402,98.8811189,2.011537343
1017500,90.5591201,-.679405308
1017700,73.3652313,-.545226121
1017800,91.0958904,1.511537331
1017900,56.6153846,-1.139214529
1018000,109.5115681,2.746705262
1018100,57.0659489,-.720604439
1018200,42.9292929,.824578509
1018300,107.6923077,.301997986
1018400,123.2394366,3.540994889
1018500,153.7878788,.634918772
1018600,79.8107256,.868938549
1018700,84.41422589999999,.219749363
1018800,93.8814532,1.43616259
1018900,64.9048626,-.749605957
1019000,72.2707424,4.783722916
1019100,83.4983498,-.192593956
1019200,109.5,.541221983
1019300,106.8912711,.365138159
1019400,121.5547703,2.612445934
1019500,145.0285714,.8263372450000001
1019600,78.0185759,3.314045816
1019702,104.6666667,1.600601443
1019800,103.1152648,3.042475312
1019900,83.3869239,-.029107214
1020000,172.8,4.244918536
1020101,111.4253394,-.110219072
1020102,134.622824,3.169974673
1020300,55.2380952,-1.778048542
1020500,89.7782064,-.524028738
1020600,114.1025641,.6114471930000001
1020701,96.6267682,-.433385502
1020800,104.1044776,3.021114856
1020901,121.1538462,1.234845418
1021000,68.4210526,.928592284
1021100,80.48387099999999,.994320099
1021200,163.6842105,2.638969487
1021303,128.5185185,2.491010971
1021400,107.8571429,4.086754227
1021500,103.5250464,3.208775097
1021600,114.3897996,2.708977532
1021800,156.8329718,2.980669101
1021900,21.6589862,.007809806
1022000,137.7828054,1.935309912
1022102,105.4982818,1.625650002
1022200,146.9907407,3.125447224
1022301,75.1361162,2.139388784
1022302,124.7484909,3.874607777
1022400,124.7222222,2.72710394
1022500,96.34146340000001,1.415651251
1022600,102.1912351,3.47993004
1022700,139.0990991,3.256190532
1022800,112.0654397,2.417715574
1022900,105,2.58153531
1023000,83.0588235,1.28429936
1023100,124.8713551,2.284774062
1023200,84.2342342,2.392342023
1023300,109.9678457,2.244788067
1023400,114.5251397,3.189508977
1023501,79.6733212,1.540886186
1023502,124.952741,3.018998075
1023600,67.43295019999999,-.536591084
1023700,101.0221465,1.907171648
1023801,70.4974271,.832066086
1023802,141.4236707,.61684174
1023900,106.4695009,2.641786882
1024100,94.8419301,.931262297
1024200,32.0334262,1.385138682
1024301,89.4991922,2.830515139
1024302,82.4427481,.8173033629999999
1024500,78.130217,1.397870149
1024700,83.3075734,.8299680270000001
1024900,91.7004049,3.157270344
1025100,70.5061082,1.519257435
1025300,85.0722311,2.154644865
1025500,99.32523620000001,.069260666
1025700,200.7407407,4.793575075
1025900,108.8180113,5.10601822
1026100,87.76223779999999,1.274814999
1026300,79.97097239999999,-.229757131
1026500,88.47795160000001,1.574247179
1026700,83.84279479999999,1.749898666
1026900,91.82282790000001,.421218676
1027100,98.95522389999999,.841346127
1027300,97.2087379,.238974574
1027500,96.70588239999999,-.454490965
1027700,68.66141730000001,-.596219571
1027900,103.8402458,.451780227
1028100,116.7082294,1.022900333
1028300,79.7169811,1.024708402
1028500,85.0420168,1.311113956
1028700,97.8448276,.746286561
1029100,84.5140033,.509502918
1029300,93.85113269999999,.894584543
1029500,91.5848527,.301779558
1029900,43.7636761,-1.321554477
1030300,91.93548390000001,-.651176358
1030700,90.37227209999999,-.390299059
1030900,69.36026939999999,-.391920684
1031703,52.9746508,-1.019794524
1031704,51.4743921,-1.502221826
2000200,69.4520548,-.012303266
2000400,116.1741835,1.118075857
2001600,69.3548387,-1.90884313
2001900,145.9869848,3.69811807
2002000,129.3233083,.308494131
2002300,82.0960699,-1.706307003
2002500,103.5294118,1.78036507
2002701,69.3181818,-.637407894
2002702,190.060241,2.920196856
2002800,59.8976109,-.502015961
2003100,66.3961039,-1.58442128
2003300,125.9927798,1.777648007
2003500,111.0311751,-.186109469
2003800,28.1293952,-2.765208434
2003900,174.2930591,3.11198049
2004001,66.19496860000001,-.648876674
2004100,100,.545209229
2004200,65.31440160000001,-.9074151110000001
2004300,114.1689373,.070913088
2004400,100.8368201,.087527193
2004600,123.8227147,.121131044
2004800,85.5932203,.130302525
2005001,109.2382496,-.031624213
2005002,89.3030794,-.689359354
2005100,130.9734513,1.213520576
2005200,114.9837134,1.758583713
2005300,65.095986,-.88579174
2005400,89.3081761,-.150932189
2005600,66.5615142,-1.54739694
2005902,77.4011299,-.694302777
2006000,90.13605439999999,1.180707969
2006100,96.692607,1.448464454
2006200,71.46341459999999,-2.062643272
2006300,78.49462370000001,1.137379814
2006400,62.3481781,-1.307729018
2006500,92.1875,-1.269413062
2006700,96.6101695,-.243056251
2006800,59.8958333,-.099398684
2006900,195.9322034,3.116593991
2007000,81.92090400000001,-1.554604766
2007100,166.7546174,1.379487115
2007200,67.6945668,-.76154465
2007300,95.14170039999999,.48803887
2007400,93.768997,-.607059886
2007500,76.2222222,.629815243
2007600,79.2397661,-1.395392266
2007700,106.25,2.153227705
2007800,82.4267782,-1.306094196
2007900,82.59740260000001,-.8847704749999999
2008300,76.3888889,-.118008997
2008400,64.72564389999999,.887882047
2008500,150.1246883,.912567966
2008600,36,-.544829462
2008700,99.4174757,.607902484
2008900,116.5501166,.659739963
2009000,56.4285714,.113677787
2009200,81.7663818,-1.616073466
2009300,116.6666667,1.232877341
2009600,83.85542169999999,-.724875327
2009800,105.3333333,.164880203
2011502,101.2096774,2.110461771
2011700,82.63772950000001,2.15701641
2011800,121.4917826,.122158505
2011900,127.8450363,-.460940981
2012101,80.57041000000001,.160947904
2012102,28.90625,-.619354918
2012300,82.1428571,.9709196450000001
2012500,100.9225092,-1.171656385
2012701,111.2391931,.909851224
2012901,163.8655462,1.359066353
2013000,88.7714663,.341803749
2013100,90.4862579,.289856933
2013200,60.81081080000001,-.294177723
2013300,112.9337539,1.831085757
2013500,77.2727273,1.571131743
2013800,62.78772379999999,-.168303158
2014100,107.3359073,2.598876228
2014300,18.380744,2.053364996
2014400,55.7692308,-.948144673
2014500,144.4444444,.458601197
2014701,59.7069597,.719787233
2014702,83.1501832,1.909236898
2014900,100.2040816,1.597333931
2015100,76.62116039999999,.924278157
2015200,63.05361310000001,-.9654688299999999
2015300,143.2372506,1.246142493
2015500,107.6086957,-1.276452382
2015700,74.30555559999999,.1701719
2015800,85.467128,.044790421
2015900,24.8387097,-2.016195749
2016000,113.9064475,.145688507
2016100,2.247191,-2.495492895
2016200,40.7534247,-1.019259827
2016400,67.3126615,-.814892017
2016500,88.4751773,.290920392
2016600,96.54747230000001,.078301545
2016700,61.3354037,3.69394581
2016900,34.7039474,.5440066730000001
2017300,41.981982,-.718880105
2017500,97.8835979,1.057973136
2017701,111.1111111,.909917083
2017702,102.5089606,1.276998127
2017901,88.590604,.653814602
2017902,87.4161074,.131036864
2018101,72.1077655,-1.758400893
2018102,76.0697306,.559278558
2018301,64.51127819999999,-.6123242330000001
2018302,77.1428571,-1.499996887
2018400,77.60416669999999,-.108071021
2018500,81.0546875,-.178189662
2018900,81.5517241,-.6929681640000001
2019300,89.56916099999999,.034826356
2019400,71.5617716,-.900199046
2019500,67.17791410000001,.488570382
2019700,68.2852807,-.78490528
2019900,88.2747069,.995472557
2020000,91.1003236,-1.308228934
2020100,78.7828947,-.176276276
2020200,72.75541800000001,-1.025796989
2020400,74.8691099,-1.198732164
2020501,62.13017749999999,-1.120437338
2020502,90.8548708,.244661486
2020601,159.8958333,.30031932
2020900,90.4424779,1.741660423
2021001,66.66666669999999,-.839870734
2021002,68.67816089999999,-.001558494
2021100,69.32006630000001,-1.449772247
2021200,77.7286136,-.75971381
2021301,109.375,1.845834433
2021302,74.4680851,.595994952
2021501,115.7142857,1.594628966
2021502,80.38194440000001,.596852295
2021601,77.3722628,-1.420585745
2021602,73.7226277,-1.051756338
2021700,87.94326239999999,-.6788622
2021800,75.64296520000001,-.733677535
2021900,93.5108153,-.577447448
2022000,107.0945946,-.884218456
2022101,76.56765679999999,-1.095663628
2022102,90.59405940000001,-.471015258
2022200,69.7860963,-1.222245048
2022300,85.3046595,-.343003742
2022401,75.98908589999999,-.608999996
2022403,85.12960440000001,-.363049498
2022404,63.574352,-.381733576
2022500,68.3109118,-.50381533
2022701,92.0133111,2.163806283
2022702,45.5904335,1.129241355
2022703,83.74233129999999,1.193517574
2022800,85.16949150000001,-.7621204660000001
2022901,67.43827159999999,-.505486368
2022902,72.5239617,-.043133179
2023000,76.0719225,.124047598
2023100,70.56277060000001,.745833559
2023200,63.5501355,-.352375982
2023301,70.6730769,-1.711073439
2023302,93.7219731,-1.803518174
2023501,66.22418879999999,-1.808920945
2023502,79.0619765,.051319021
2023600,112.836767,.8940832399999999
2023702,83.54037269999999,1.425812188
2023703,78.40735069999999,.408318916
2023704,76.7228178,-.830076937
2023800,97.50692520000001,-1.300242124
2023900,89.33333329999999,.667445645
2024000,70.5479452,-.937225842
2024100,77.2652389,-.042366203
2024300,92.08494210000001,-1.48587049
2024400,84.4604317,-.231624359
2024501,70.1149425,-.734684747
2024502,82.2660099,.250189061
2024600,84.0755735,-.431031186
2024700,81.0240964,-.325893203
2024800,63.77952759999999,-.225137905
2025000,69.9475066,.055032935
2025100,67.18995290000001,-.561424272
2025200,77.0595691,-.688695923
2025300,82.54716979999999,-.289025164
2025400,73.4375,-.815700768
2025500,68.0952381,-.708834156
2025600,85.5337079,-1.466895597
2025700,81.2206573,1.186550074
2026100,46.4419476,-1.374281382
2026300,63.2352941,-1.001709804
2026400,84.869326,-.203671943
2026500,76.5793529,.167455122
2026601,106.7823344,-.377185052
2026602,84.4135802,-.737136029
2026701,70.8571429,-1.8818673
2026702,70.4285714,-1.269109419
2026900,64.60032630000001,-.681233292
2027300,92.6100629,-.385313674
2027401,65.2275379,-.636547245
2027402,70.2450408,-.913222642
2027700,79.35779819999999,-.5157190230000001
2027900,80.7142857,-1.167097747
2028100,79.96715930000001,-.461719532
2028300,68.2634731,-1.175170628
2028500,108.9855072,.42782868
2028600,79.9507995,-.547734057
2028700,90.6743185,-.099462468
2028800,90.5637255,-.43100503
2028900,87.0514821,-.051526086
2029301,43.9888164,-1.538178958
2029302,84.57899719999999,-.942779764
2029500,84.1517857,.499293821
2029600,127.729636,-1.6612044
2029700,71.5545755,.035497526
2030000,88.0108992,.268306762
2030100,-17.8041543,-2.167285072
2030200,68.5393258,-1.17289828
2030701,88.22916669999999,-1.029325167
2030900,95.7189901,-1.052139244
2031000,62.61216349999999,-.89379332
2031200,99.8648649,-.142016788
2031400,67.5853018,-.261105308
2031600,97.852349,.6337977460000001
2031800,93.9597315,-.5662678
2032300,66.1167513,-.69774846
2032400,34.6793349,-1.880650535
2032600,67.18009480000001,-1.773941105
2032800,37.3970346,-2.55003273
2033000,68.5393258,-1.067933405
2033201,87.537092,-.298781609
2033202,72.9970326,-1.805907129
2033500,75.3658537,-.76439812
2033600,75.1923077,-.093010068
2033700,73.2251521,-.794304398
2033800,76.16959060000001,.888660973
2034000,70.63037250000001,-.96707542
2034200,52.0681265,-1.710412131
2034300,100.3947368,-1.536653419
2034400,120.1024328,.281687676
2034500,81.8858561,-.902881493
2034800,45.1467269,-2.5015937
2035000,75.54038680000001,-2.009391116
2035100,104.2758621,-.171577161
2035600,62.0117188,-.733870013
2035800,44.3925234,-.183533731
2035900,78.61060330000001,-2.968122871
2036000,72.8553137,-1.525954709
2036100,82.7361564,.376506098
2036300,127.4271845,.626569131
2036400,65.33864539999999,-.981058624
2036501,53.6752137,-.747834142
2036502,91.18236469999999,-.108354795
2036700,78.7828947,.230037297
2036800,83.4615385,-1.611624974
2036901,145.8549223,-.739217821
2036902,99.5283019,.098204837
2037000,107.1989529,-1.532171452
2037100,79.1919192,1.003816576
2037200,86.4457831,-.863654498
2037300,71.7241379,-.443619071
2037400,75.05720820000001,-.954501405
2037504,119.4871795,-.010644089
2037600,107.4498567,.884425872
2037800,82.3170732,-1.7727164
2037900,90.1006711,.449553448
2038000,70.8751793,-1.908160964
2038100,78.030303,-.535053231
2038200,75.5610973,-1.585989176
2038301,98.6324786,-.097168476
2038302,81.7094017,-1.304227959
2038500,86.9642857,-.581907861
2038600,85.28995759999999,.309416611
2038700,89.98384489999999,-.917428806
2038800,70.52023120000001,-1.221629037
2038900,91.61392410000001,.422247505
2039000,93.58437939999999,-1.396582491
2039100,94.8275862,.848853656
2039200,77.1349862,-.856180156
2039300,72.14953269999999,-.355655845
2039400,85.6687898,-.602340893
2039500,79.4425087,.681395415
2039600,88.5925926,-.876771938
2039700,92.3791822,-1.243028052
2039800,79.57276370000001,1.171148589
2039901,79.0046656,-.767485525
2039902,78.28125,.548893879
2040100,71.8130312,-2.026754896
2040302,79.3363499,-.847785354
2040303,70.9489051,-.047077725
2040304,81.60583940000001,-.904225957
2040400,29.1166848,-.336708182
2040501,79.57317069999999,-.70530419
2040502,70.2743902,-1.315839991
2040600,70.7042254,-1.864361632
2040701,71.06382979999999,-.144996296
2040702,60.0587372,-1.262792317
2040800,72.4186704,-.010399732
2040900,77.6831346,-.51771692
2041100,82.739726,-.598838059
2041300,71.3475177,-1.296796768
2041400,79.9442897,.818158673
2041500,82.97872339999999,-1.17572071
2041800,91.0891089,-1.174214888
2041900,73.8686131,-1.091771708
2042000,68,-.479636894
2042100,62.44411330000001,-1.702238198
2042200,67.3184358,-1.551745939
2042300,70.3328509,-1.006351971
2042400,69.32270920000001,-.752994018
2042500,78.397711,-.868099888
2042600,73.5915493,-.6637750569999999
2042800,42.4307036,-1.342663344
2042901,72.5988701,-.419019862
2042902,77.92207789999999,-1.591242762
2043000,47.4600871,-.9097646
2043100,68.2336182,-1.322278385
2043400,67.72853189999999,-1.997194599
2043600,65.5043587,-1.616444748
2044200,68.4950774,-.859637464
2044400,66.0465116,-1.271344521
2044800,54.3961353,-1.013425058
2044901,65.21164020000001,-.753920792
2044902,63.02414229999999,-.639197011
2045101,94.1176471,.261836915
2045102,86.53333330000001,.5129738740000001
2045600,64.2773208,-.622338468
2045800,79.1044776,1.105715807
2046000,45.6692913,-2.810280296
2046201,51.1290323,-1.366008244
2046202,68.20349759999999,-1.880405124
2048400,48.6625514,-1.191179095
2051600,53.6340852,-.967687699
3000100,101.6371078,-1.537003552
3000200,77.1695594,.317476152
3000301,104.757085,-1.33841195
3000501,108.3608361,-.488956034
3000502,119.8019802,-.531184381
3000700,96.01482850000001,-1.052914166
3000900,196.1915125,1.088811407
3001100,308.9871612,7.767826349
3001300,104.4526902,.022138689
3001500,710.4316547,7.544496056
3002000,92.15976329999999,1.255116625
3002100,173.5738255,.902239316
3002200,88.23529409999999,.095724589
3002300,53.98550720000001,2.062378789
3002901,117.5213675,1.150824198
3003000,79.8988622,-.314996058
3003100,193.9814815,1.820955624
3003300,149.5594714,2.613238795
3003400,69.67741939999999,-.611741205
3003500,50.62656639999999,-1.124667309
3003600,84.81675389999999,.351425423
3003700,219.5652174,5.022116736
3003800,69.0285714,-1.200899067
3003900,100,1.736925212
3004100,119.5488722,.037287325
3004300,95.6262425,.966295859
3004400,43.8225977,-1.311493478
3004500,112.6091174,-.010768054
3004600,38.0838323,-.286858333
3004700,118.3908046,-.374103861
3004900,91.0179641,-.069421936
3005000,97.99764429999999,-.044442836
3005100,140.2733964,-.283159812
3005201,27.1393643,-1.296078351
3005202,95.32710279999999,.428822751
3005300,154.028436,2.321438149
3005400,83.5651075,-.387965429
3005601,74.6359223,-.435277609
3005602,65.02525249999999,.5174730870000001
3005800,73.4126984,-.612293671
3005900,272.7272727,4.827841535
3006000,86.3102999,-.022036502
3006200,99.7282609,-.060765259
3006300,143.418259,.182122597
3006400,65.7216495,-1.681080553
3006500,109.6078431,.181057646
3006600,79.74025970000001,-.220290088
3006700,95.49019610000001,-.420336524
3006800,83.44733239999999,-.727174597
3006900,119.7433366,1.51068082
3007000,73.8235294,-1.021606591
3007100,40.9090909,.060886264
3007200,91.7271408,-1.665564692
3007400,100.4087193,-.492778229
3007500,124.507874,.559256008
3007600,96.35811840000001,-.29193921
3007700,149.8269896,1.297855516
3007800,111.5264798,.800916661
3008000,126.5988372,1.968746067
3008200,92.5925926,.239081905
3008400,72.24489800000001,-.422697191
3008500,84.5794393,.739777157
3008800,109.3294461,1.384148595
3009000,92.9597701,-.474829684
3009200,84.69539379999999,-.8975914149999999
3009400,78.9687924,-.708199738
3009600,83.1737346,-.762672843
3009800,92.7514793,-.98032642
3010000,67.877095,-1.504193115
3010100,69.8478562,.395067602
3010200,70.29288700000001,-.598561031
3010400,64.31535269999999,-1.205159462
3010600,68.67647059999999,-.637030765
3010800,50.73313780000001,-2.28504744
3011000,91.94187579999999,.42964734
3011200,88.77721939999999,-.028117555
3011400,89.0701468,-.748093537
3011600,67.8832117,-.894473155
3011700,126.6225166,2.651659606
3011800,80.9104258,-2.354433014
3011900,120.0270636,2.410684905
3012000,74.69553450000001,-.660431423
3012100,151.0429448,3.464928508
3012200,64.86860300000001,-1.510090344
3012600,83.1550802,.00828544
3012700,103.4567901,2.596317643
3012801,86.42659280000001,-.591739103
3012901,179.4642857,1.388800385
3012902,110.5928086,.509501212
3013000,75.78231290000001,-.42204838
3013100,131.2288613,1.619877903
3013200,68.06833109999999,-.948686944
3013300,124.9471459,.223988569
3013400,67.3123487,-.343646961
3013500,137.755102,.7966034279999999
3013600,96.44268769999999,.260160243
3013700,96.6008772,.114439762
3013800,89.5778364,-.381102165
3013900,153.4005038,1.993309029
3014000,64.0479361,-1.168948772
3014100,123.6545682,1.941598499
3014200,90.25367159999999,-.496415411
3014300,144.7263017,2.550647268
3014500,133.5787923,2.954002956
3014700,129.9600533,3.14714836
3014800,77.453271,-.559887481
3014900,123.7172178,.9672058609999999
3015000,98.699422,.537663589
3015100,95.12843220000001,-.566078869
3015200,95.0863214,.121505721
3015300,121.8978102,.103155529
3015500,100,-.059287639
3015700,97.1296296,-.210501036
3015900,137.6259798,.642935342
3016000,83.95061729999999,-.089827743
3016100,138.5826772,.436399964
3016200,96.73366829999999,.335501013
3016300,73.1656184,-.169236065
3016400,205.8585859,1.738293214
3016500,140.4572565,.384471055
3016600,137.3529412,.74524234
3016700,110.7660455,-.725876644
3016800,120.414673,-.109401497
3016900,140.4228856,1.458657153
3017000,106.2827225,-.555368447
3017100,98.5618408,-.074665663
3017200,83.4246575,1.121013452
3017400,43.225084,-1.049962181
3017600,78.5714286,.189701152
3017800,96.3976945,.475075192
3017900,63.9553429,.398387799
3018000,84.2105263,-.229395431
3018100,96.69811320000001,-.426579926
3018200,88.43441469999999,-.267258552
3018300,137.4269006,1.3863622
3018400,97.5574713,.547780005
3018501,111.0619469,1.704096397
3018600,86.70143420000001,.070125825
3018700,120.2804746,2.644247327
3018800,70.6601467,-.885325693
3019000,72.8467153,-.323453007
3019100,217.5561798,3.460572471
3019200,46.1842105,-1.416601263
3019300,88.75638839999999,.029587191
3019400,81,-.135727423
3019500,133.2878581,1.669053125
3019600,74.89823610000001,-1.206202479
3019700,113.5294118,.817484913
3019800,93.91891890000001,-1.549277264
3019900,131.5934066,1.709066721
3020000,72.9907773,-1.865968577
3020100,152.2670025,2.107144436
3020200,53.6009445,-.981618262
3020300,187.0738636,4.169524735
3020400,84.90351870000001,-.654198009
3020500,150.0628931,2.076295193
3020600,76.8934531,-.822610739
3020700,99.22049,.181448445
3020800,42.5301205,-2.451256331
3021000,79.97218360000001,-1.261302127
3021100,132.5095057,2.010458651
3021200,95.9876543,-1.719721786
3021300,103.1496063,2.476811582
3021400,105.7632399,.136747643
3021500,75.2010724,.457089186
3021600,80.6622517,-.548885479
3021700,84.86739470000001,1.566283355
3021800,94.30894309999999,-1.246715562
3021900,101.2012012,3.500683204
3022000,115.6509695,-.262926702
3022100,104.1237113,3.649040699
3022200,76.29826899999999,-.968937983
3022400,117.4486804,-.59704648
3022600,99.543379,-.207832031
3022700,144.9744463,3.483418648
3022800,102.130898,.161177226
3022900,148.3231707,3.525314757
3023000,80.7901907,.239435292
3023100,132.6656394,2.566563949
3023200,59.16083920000001,-.95212227
3023300,81.3043478,2.447939614
3023400,83.4210526,-.398341495
3023500,110.989011,3.886652637
3023600,89.03743320000001,.351581604
3023800,90.080429,-.210243725
3024000,79.29634639999999,-1.254806013
3024100,218.4534271,5.679592928
3024200,62.7020785,-.258888245
3024300,106.3339731,3.844886488
3024400,71.44622990000001,-.810096785
3024500,107.3170732,2.582234674
3024600,68.5788787,-1.151775926
3024700,138.619403,3.801668649
3024800,92.17791410000001,-.592140131
3024900,134.5238095,3.586585539
3025000,58.6705202,-1.093545732
3025100,95.154185,4.398223028
3025200,76.76056340000001,-.54054587
3025300,157.8856153,4.786431453
3025400,55.5862069,-1.04588563
3025500,137.4429224,2.53446209
3025600,89.58630530000001,-.626400063
3025700,89.5172414,2.756673411
3025800,77.2661871,-.819796692
3025901,132.6599327,4.195195269
3025902,34.6153846,-.731996444
3026000,77.2486772,-.490172964
3026100,168.9013035,6.426255239
3026200,69.35028250000001,.40414924
3026300,101.0810811,3.954122722
3026400,64.7552448,-.34423282
3026500,77.7950311,3.09639959
3026600,64.34782610000001,-.986778386
3026700,104.5608108,3.806842453
3026800,73.2467532,-.665598461
3026900,109.2257002,3.330617964
3027000,87.388724,.41189937
3027100,123.5099338,3.760374196
3027200,73.3425414,-.529328139
3027300,74.45255469999999,1.618447999
3027400,58.8162762,-.941493132
3027500,150.0813008,3.670273914
3027600,76.8571429,-.168002788
3027700,131.2260536,2.56720157
3027800,100.5943536,.9181952839999999
3027900,86.34146339999999,4.215451529
3028000,77.5631501,-.499781401
3028100,86.8486352,3.031107849
3028200,68.8172043,-.201692654
3028300,102.0408163,2.874266334
3028400,67.6880223,-1.14147167
3028501,212.7407407,5.298702112
3028502,99.5412844,.083407285
3028600,73.6187845,-.44555793
3028700,60.6714628,1.381766059
3028800,70.8737864,.933555247
3028900,84.05797099999999,2.72262283
3029000,63.7333333,.101280177
3029100,100.6451613,3.189935346
3029200,76.744186,-.366927413
3029300,123.7529691,1.901051573
3029400,67.2108844,-.968465003
3029500,110.9567901,3.704174625
3029600,78.1546811,-.651469021
3029700,119.650655,1.663627188
3029800,73.1081081,-1.243252407
3029900,126.1818182,1.261969575
3030000,60.6770833,-1.398377233
3030100,99.2248062,2.000946862
3030200,76.47058819999999,-.393982198
3030300,116.6666667,1.866021537
3030400,50,-1.509430652
3030500,145.3194651,3.947013594
3030600,55.22788199999999,.295163178
3030700,140.9090909,4.526858702
3030800,57.3355818,-.555000866
3030900,174.8663102,2.928328444
3031100,112.2040073,3.950329361
3031300,81.30671510000001,2.394870842
3031400,68.8380282,-.309382782
3031500,82.942097,3.894810018
3031701,108.1395349,4.734848985
3031702,119.0977444,3.686842706
3031900,79.68253969999999,.6310815239999999
3032100,105.1482059,2.354015018
3032300,110.3448276,2.962826933
3032500,104.8154093,2.453772479
3032600,76.3546798,.538593855
3032700,78.1055901,.860270421
3032800,146.8208092,.858599927
3032900,96.7340591,1.443631941
3033000,19.8218263,-.997137735
3033100,101.1532125,.8820586419999999
3033300,65.23994810000001,-.455925942
3033500,72.3097113,.627021965
3033600,128.6858974,1.035791738
3033700,83.61581919999999,.46941245
3033900,64.67741940000001,1.362184785
3034000,71.95571959999999,1.695462831
3034100,114.8514851,1.923048479
3034200,50.8591065,-.00914075
3034300,121.3592233,2.276317791
3034500,88.9908257,.902597669
3034700,89.0196078,2.184465838
3034800,108.4353741,.394329953
3034900,98.38187699999999,.312406481
3035000,84.60176990000001,-.047854628
3035100,77.2046589,-1.525160932
3035200,22.2222222,-2.025144869
3035300,102.2727273,1.797221153
3035400,51.7374517,.240757243
3035500,93.0875576,.961184425
3035601,68.7969925,.329414187
3035602,122.3684211,1.142393801
3035700,124.4813278,.478597152
3035900,95.19725559999999,-.311550922
3036001,63.31658289999999,-.93339094
3036002,84.89583330000001,.48274478
3036100,136.8544601,.082073313
3036200,92.78523490000001,1.348629307
3036300,166.6666667,3.0855164
3036400,86.2914863,1.318560793
3036501,77.31569,.921163847
3036502,58.9424572,-.261153864
3036600,76.9014085,-.614622586
3036700,105.8020478,2.649100132
3036900,89.03654490000001,1.986529614
3037000,70.4453441,-.7384739850000001
3037100,110.9677419,3.591796552
3037300,108.2024433,1.138839992
3037401,77.4647887,-.045499333
3037402,58.2047686,-1.017993512
3037500,137.0994941,3.943138808
3037700,103.6697248,1.178509707
3037900,76.91154420000001,1.916041631
3038100,61.7073171,1.133124634
3038200,52.5679758,-.452711095
3038300,94.965035,1.467394644
3038500,93.3656958,3.655370799
3038600,70.44198900000001,-.266941478
3038700,128.4369115,2.554089013
3038800,89.8079764,.529899004
3038900,133.9464883,4.084271854
3039000,86.3319386,-.397628257
3039100,102.0168067,4.107571306
3039200,75.6986634,.332400305
3039300,113.7123746,3.50344571
3039400,75.18703239999999,.747572333
3039500,127.1559633,2.203440601
3039600,77.3351648,.228148239
3039700,109.335443,3.427524975
3039800,78.33333329999999,.325620611
3039900,98.013245,4.091801355
3040000,78.6111111,-.891646417
3040100,90.45521290000001,4.074613032
3040200,76.0583942,-.585001299
3040300,111.4583333,2.635167443
3040400,61.93724419999999,-.738781333
3040500,100.8823529,2.738865505
3040600,82.8696925,-1.09244027
3040800,66.7098446,-.055066202
3040900,120.0626959,2.920779357
3041000,91.8166939,-.666893869
3041100,78.55946400000001,2.731488538
3041200,75.3665689,-.682128195
3041300,78.72044510000001,1.643310992
3041401,111.2462006,.776057284
3041402,70.9537572,-.343114239
3041500,110.9467456,2.533434147
3041600,70.64220180000001,-1.331743856
3041700,82.832618,1.766665854
3041800,83.65243,-.603379536
3041900,136.7424242,3.143034405
3042000,75.82417580000001,-.467649244
3042100,116.1666667,2.581775762
3042200,91.76626829999999,.453624071
3042300,122.3622047,2.961140894
3042400,74.1982507,.1980849
3042500,141.8487395,5.770017479
3042600,70.65693429999999,-.405631035
3042700,126.8852459,4.279812251
3042800,82.8571429,.172531382
3042900,108.7227414,3.831120219
3043000,76.45390070000001,-.386218285
3043100,116.1189358,3.870953879
3043200,78.62481320000001,-.411934804
3043300,98.57904090000001,2.315709937
3043400,71.07913670000001,-.159036175
3043500,111.2426036,1.933191077
3043600,69.21985819999999,.001208647
3043700,112.652439,3.443561205
3043800,90.8062235,-.207978998
3043900,75.1668892,1.171478448
3044000,90.9090909,.006207099
3044100,93.8345865,1.881635577
3044200,75.215783,.570433756
3044300,107.3637703,1.009519256
3044400,63.5514019,-.904408388
3044500,105.4794521,.93287441
3044600,81.3390313,-.912325658
3044700,126.031746,3.041202514
3044800,61.3147914,-1.364891478
3044900,103.2171582,1.638859175
3045000,114.3893591,-.076130703
3045200,87.48481169999999,-.6482340090000001
3045300,184.5771144,3.014793269
3045400,49.5049505,-1.037458836
3045600,67.53246750000001,-1.453854906
3045800,63.8655462,-1.818678783
3046000,72.6896552,-.6357821259999999
3046201,63.7083994,-.578717571
3046202,85.315534,-.51878398
3046400,89.6815287,.059788731
3046800,114.8241206,.297164807
3047000,95.5266955,-1.014156031
3047200,75.3363229,-.854485181
3047400,78.8113695,-.461111637
3047600,73.49926789999999,-1.274199288
3047700,255.9270517,3.799783331
3047800,74.36582109999999,-1.620912833
3048000,103.9694656,-.394008948
3048100,179.047619,3.520950759
3048200,89.375,.141311608
3048400,116.872428,.494649052
3048500,200,5.014725503
3048600,78.1121751,-.708475971
3048800,66.5738162,-.991782863
3048900,94.44444440000001,1.705820219
3049000,102.2346369,.601702881
3049100,123.7623762,.972926003
3049200,74.4619799,-.326109351
3049300,58.254717,2.262678532
3049400,85.1752022,.52205409
3049500,141.8740849,2.530717353
3049600,124.5125348,.742850638
3049700,157.7777778,2.117055532
3049800,103.8135593,1.042319264
3049900,153.3532042,2.295212224
3050000,122.2222222,1.00439767
3050100,147.1780029,2.606211357
3050202,162.65625,.627088715
3050300,171.9653179,3.389015969
3050400,97.5576662,.609453326
3050500,114.7982063,1.413668495
3050600,112.3741007,1.789750434
3050700,190.1376147,2.29581164
3050801,79.57446809999999,1.344811258
3050803,72.34042550000001,2.789191778
3050804,67.2340426,2.308297346
3050900,86.8460389,-.6192331599999999
3051001,83.7004405,2.391504254
3051002,81.93832599999999,2.357862585
3051100,108.2802548,1.441224853
3051200,81.69014079999999,1.161100612
3051300,187.3323398,2.645630073
3051400,89.7902098,.236431449
3051500,297.5806452,5.088720104
3051601,89.3118594,2.260828869
3051602,88.72620789999999,2.418846494
3051700,193.2160804,2.529067892
3051800,85.5033557,-.079436002
3051900,227.8975741,2.989877675
3052000,80.05578800000001,.227198784
3052300,147.2505092,3.583835652
3052500,109.6354167,2.2403175
3052600,108.2981716,1.358951823
3052700,129.9227799,3.473205458
3052800,78.6179922,-.369456827
3052900,87.86231880000001,1.586490935
3053000,90.76246329999999,-.167276611
3053100,156.2691131,1.648576724
3053200,66.17842880000001,-.068375171
3053300,99.4671403,.86019786
3053400,83.6611195,-.368556127
3053500,76.0904685,-.787566538
3053700,121.0708117,-.68504536
3053800,85.4951185,-.556597386
3053900,93.20754719999999,1.116463615
3054200,97.9591837,.266105339
3054400,76.3948498,-1.068024632
3054500,42.394822,-1.331509859
3054600,73.88888890000001,-.257185158
3054700,134.7471452,2.200845994
3054800,71.2550607,-.701239828
3054900,225.4794521,2.900062277
3055000,70.8160443,.114831444
3055100,121.5,2.323900461
3055200,70.8215297,.12594961
3055300,225.8215962,2.95204328
3055400,82.80166439999999,-.043237887
3055500,110.0273473,.81836113
3055600,78.78378379999999,.319786091
3055700,207.5780089,2.050891912
3055800,55.5555556,-.105870964
3056000,85.7530529,-.57829321
3056100,140.5594406,2.409582743
3056200,302.1937843,1.132100456
3056300,167.9425837,2.001680495
3056400,128.8922156,.047168035
3056500,163.876652,2.77887985
3056600,71.3930348,-.240043308
3056800,92.9378531,-1.100099572
3056900,143.8829787,2.463946849
3057000,92.7512356,-.313786719
3057100,172.1212121,2.840560185
3057200,14.7058824,-.883694131
3057300,188.7142857,3.14495233
3057400,46.0746461,-1.044540383
3057500,213,3.918528688
3057600,77.6662484,-1.216043851
3057800,64.79791400000001,-1.605483308
3057900,153.1623932,3.062636392
3058000,81.7158931,-1.122464281
3058200,101.4792899,-.376098702
3058400,71.9367589,.472075366
3058600,56.0052219,-1.096814226
3058800,61.66666669999999,-.164500851
3058900,157.3676681,1.544674129
3059000,68.81443299999999,.360208666
3059100,161.8439716,3.222927077
3059200,55.58583110000001,-.759806931
3059300,138.6018237,3.522283687
3059401,77.9239766,-.12165732
3059402,57.3529412,.003794265
3059600,46.7166979,-1.243331063
3059800,66.2921348,-.595646088
3060000,75.3642384,-.33743929
3060600,84.0228245,.322591991
3060800,80,-.066115625
3061002,62.61437909999999,.86264086
3061003,93.993994,-.314259644
3061004,48.7987988,-.59093741
3061200,74.61139900000001,-.271921034
3061600,55.62987740000001,-1.405729796
3062000,73.7193764,-.528068334
3062200,116.5172855,.963544247
3062600,46.7164179,-1.502514094
3062800,83.4850455,-.557503528
3063200,121.5719064,1.712306669
3063600,93.11797750000001,-.38736236
3063800,84.4621514,-1.022242761
3064000,44.3271768,.424364062
3064200,69.21017399999999,-.5409484959999999
3064400,70.8496732,.281575559
3064600,63.2786885,-.017553244
3064800,90.93231160000001,-.9404715890000001
3065000,172.6432532,.141274834
3065200,13.2972973,-1.500721881
3065400,134.375,.342959123
3065600,-4.193038,-1.151482477
3065800,43.8118812,-.660727956
3066000,96.2666667,-.6225809410000001
3066200,70.3947368,-.172034002
3067000,83.5087719,-1.017958803
3067200,51.1945392,-1.969146062
3067400,91.68646080000001,-.845332383
3067600,107.8886311,.396683323
3067800,82.2711472,-.030639691
3068000,91.3580247,-.792533328
3068200,96.3068182,.304912063
3068600,89.2703863,-.537497763
3068800,53.9869281,-.955219456
3069000,122.2070845,.115593578
3069200,79.22651929999999,-.051282742
3069601,64.2222222,-1.082541918
3069602,51,-1.03319769
3069800,54.6286877,-.793478496
3070000,76.40047679999999,-.120428385
3070201,42.2222222,-1.822729172
3070600,183.3333333,.002199534
3072000,72.0510096,-.462727649
3072200,70.28423769999999,-.900943921
3072400,68.71310510000001,-.501718346
3072600,38.4782609,-1.562270108
3072800,42.183908,-1.119837765
3073000,132.9496403,-.188474952
3073200,48.4355444,-1.486672162
3073400,95.15151520000001,.431228896
3073600,52.8610354,-.507181769
3073800,63.74999999999999,-.240506142
3074000,59.2032967,-.408197581
3074200,60.10638299999999,-.300149813
3074400,75.648415,-.142632018
3074600,134.375,.27289965
3074800,91.1111111,-.402359741
3075000,66.7529107,-1.288416279
3075200,76.8867925,.339345773
3075400,189.4392523,-.035308841
3075600,51.8055556,-.862092666
3075800,59.15080529999999,.280288802
3076000,59.74576270000001,-.860126812
3076200,84.69539379999999,.368736595
3076400,77.74566469999999,.72621708
3076600,87.06199460000001,.111609433
3076800,76.19047620000001,.073807162
3077000,108.9153046,.698143916
3077200,91.6542474,.141038256
3077400,75.1696065,-.720519516
3077600,63.32899870000001,-1.126432617
3078000,61.1494253,-.471319828
3078200,78.8069074,-.60075242
3078400,89.89361700000001,.211139953
3078600,67.64705880000001,-1.135168844
3078800,75.3968254,-.644763388
3079000,84.45440960000001,.065924697
3079200,59.82658960000001,-.443356014
3079400,73.8700565,-.621714294
3079601,82.74853800000001,3.623531848
3079602,75,1.571812375
3079801,85.54744530000001,2.996703189
3079802,88.0291971,2.051845343
3080000,97.1514243,.932196744
3080200,73.5632184,.653598983
3080400,73.1534091,.027474546
3080600,109.7859327,2.338444574
3081000,97.0219436,1.088932553
3081400,74.43408789999999,-.978625856
3081600,93.4848485,-1.087567102
3081800,70.9401709,-.015767186
3082000,70.80394920000001,.467313818
3082200,83.96946560000001,1.929529621
3082400,91.1764706,-.022752369
3082600,74.77341389999999,.91991225
3082800,62.2406639,1.321662643
3083000,92.23602480000001,3.153001558
3083200,84.00537629999999,-.829935719
3083400,56.63129970000001,-.584174916
3083600,92.022792,-.275336843
3083800,74.2155525,-1.032252281
3084000,61.369863,-1.097529163
3084600,52.18446599999999,-1.25152448
3084800,83.2579186,-.384529531
3085000,92.0560748,-1.311776724
3085400,82.68072290000001,-2.122487107
3085600,80.63540089999999,.054039553
3085800,91.0606061,-.080150776
3086000,63.1799163,-2.385393377
3086200,61.4084507,1.617539378
3086400,40.0479616,-1.042259669
3086600,69.06779659999999,-.651308233
3086800,75.38035960000001,.978353701
3087000,81.60583940000001,-.31645272
3087200,85.7142857,-1.305200087
3087401,61.0248447,-1.313252
3087600,24.8677249,-1.181180729
3087800,85.0699844,-1.796419995
3088000,89.5008606,.833372555
3088200,78.2234957,.766383939
3088400,68.49132180000001,.957077744
3088600,71.988389,-.090850262
3088800,75.07246379999999,1.237727379
3089000,83.04821150000001,-.5181256829999999
3089200,65.59766759999999,-1.373028429
3089400,81.2239221,1.544663985
3089600,71.06824929999999,.083243221
3089800,81.9559229,.123817356
3090000,121.09375,1.655939377
3090200,48.4507042,-.160685095
3090600,74.21875,1.957163281
3090800,54.0145985,.259537871
3091000,102.0512821,1.442905253
3091200,111.3360324,2.786020196
3091600,47.7635783,-.691496423
3091800,130,1.116673638
3092000,227.7108434,1.84239943
3092200,91.7975567,1.37991475
3092400,51.55555560000001,.11294602
3092800,73.1125828,-1.164586185
3093000,48.5958486,-1.406093683
3093200,61.8644068,-.044640013
3093400,41.3157895,.263758818
3093600,77.5766017,-1.653261079
3093800,60.3448276,.051822522
3094401,61.2440191,-.69595843
3094402,27.9761905,-2.570612602
3094600,54.9222798,-1.722503008
3095000,72.35079169999999,-.423581499
3095400,63.52413019999999,-1.259780554
3095600,83.9266451,-.579172804
3095800,63.9400922,-1.694230884
3096200,68.56223179999999,.573106282
3096400,47.1982759,-1.42200662
3096600,52.7192009,-1.100405686
3096800,39.2822502,.396737165
3097000,77.44845359999999,.569077077
3097400,125.5485893,-1.194466727
3098200,83.73702419999999,.06490889
3098400,84.50057410000001,-.350050094
3098600,55.32879819999999,-1.303349996
3098800,67.1319797,-.874868705
3099000,64.6153846,.413038675
3099200,78.2267116,-1.543357414
3099400,75.7111597,-1.199713955
3099600,60.3815937,-.717614173
3099800,68.0446927,-1.057841197
3100400,82.35294119999999,-.9382162509999999
3100600,89.59537570000001,-.58249107
3100800,44.7252747,-1.496093553
3101000,74.64635469999999,-.504603597
3101200,71.5394567,-1.910077106
3101400,69.4070081,-1.28049346
3101600,33.4821429,-1.88283984
3101800,75.226978,-1.266682481
3102000,79.1713326,-1.135312236
3102200,65.0632911,-1.393042725
3102400,93.29192549999999,-.047724478
3102600,58.0498866,-1.595082805
3102800,163.0742049,1.375542339
3103400,28.3625731,-.845741535
3105801,88.4514436,-.416133554
3105804,56.6929134,-1.397097633
3107800,61.54891300000001,.1894324
3109800,124.6355685,.155385017
3110400,67.8756477,-.575640642
3110600,3.8647343,-1.158755714
3111000,16.1073826,-1.384315375
3111600,175.8436945,.389433439
3111800,88.83994130000001,.433332615
3112000,92.9848693,-.154369572
3112200,87.4818049,.954834449
3112400,69.0179806,-.255046248
3112600,94.7107438,1.426882041
3112800,80.75801749999999,.460246292
3113000,101.6042781,.190332561
3113200,116.2903226,.352501577
3113400,81.7241379,-.630232252
3114201,75.51622420000001,.205175443
3114202,62.11699160000001,-1.611396574
3114400,80.4270463,.490474484
3114600,83.6415363,-.032968869
3115000,126.8206039,2.695269458
3115200,134.2799189,1.177713673
3115600,84.17266189999999,.577650205
3115800,91.8196995,1.076804021
3116000,80.55555559999999,-2.060069814
3116200,127.9029463,.596192431
3116400,93.4232715,1.071680557
3116600,93.5628743,.8810002139999999
3116800,67.21068249999999,.335374492
3117000,99.56521739999999,-.78897142
3117201,89.10614529999999,-.811134432
3117202,94.7521866,.403647157
3117400,88.02469139999999,-.286296855
3117601,96.03524230000001,.102701538
3117602,54.95251020000001,-.897425705
3117800,73.7532808,-1.75788517
3118201,42.1118012,.967888814
3118202,85.44726299999999,-.157326309
3118400,90.36635010000001,.34709552
3118600,85.5714286,-.28518209
3118800,66.34746919999999,.312706762
3119000,79.24773020000001,-.122206355
3119200,107.0967742,1.967496661
3119400,81.03448279999999,.841834281
3119600,62.3357664,-.579481707
3119800,117.0914543,-.720509095
3120000,68.220339,-1.673886301
3120200,68.8967136,-.335575507
3120800,87.4587459,-.404703591
3121000,156.25,1.911062361
3121400,125.3393665,1.358380643
3122000,97.76714509999999,.475557603
3123700,140.9020218,1.837958554
3150200,142.7055703,1.34179728
3152200,101.5789474,.002232781
4000100,169.9547511,2.124006547
4000200,106.6666667,-.575204764
4000400,78.2716049,-1.027014416
4000600,75.03075030000001,-.127706185
4000700,140.5095541,2.062534316
4000800,76.48456059999999,-.477665925
4001000,81.7307692,-.305502573
4001200,92.7248677,-.984962469
4001400,101.6908213,-.941914832
4001600,85.9437751,-.014263927
4001800,65.2281134,-1.491427279
4001900,338.4126984,5.023268251
4002000,102.2756005,-.308483766
4002200,78.2781457,-1.352622699
4002400,84.4760673,-1.201861374
4002500,29.8850575,-2.137139909
4002600,55.1315789,-.552280955
4002800,75.1642576,-.3779512
4003000,66.7865707,-1.859781892
4003100,100.1369863,.137816768
4003200,88.2860666,-.657603808
4003300,138.317757,1.879098448
4003400,87.51592360000001,.430853728
4003600,55.4641598,.991761204
4003800,76.3852243,-.722863585
4003900,91.2128713,.9813425730000001
4004001,83.6734694,.627670011
4004002,84.4295302,.69332646
4004200,86.07427060000001,-.652797201
4004300,107.9584775,1.921693932
4004401,50.2358491,-.5562566410000001
4004500,182.6923077,1.231238976
4004700,45.106383,-.492113629
4005100,84.73479950000001,-.444978649
4005200,70.0356718,.543901722
4005300,80.7881773,.763561334
4005400,114.0602582,.33716571
4005500,68.70324189999999,.77431657
4005700,99.59839360000001,.416851981
4005800,59.8591549,-.599937929
4005900,119.7704082,1.00682799
4006100,103.1969309,.590076826
4006201,37.0152761,-1.43297688
4006202,74.5283019,-1.487957848
4006300,82.8850856,1.157349813
4006501,100.7772021,1.196460215
4006502,109.8445596,.664892957
4006900,104.1343669,.764018769
4007100,104.9822064,1.757257401
4007300,107.6448829,-.360918409
4007500,122.7467811,1.930338461
4007700,145.6410256,2.53008478
4007900,105.7142857,.139681189
4008100,95.1923077,1.881171208
4008300,74.8370274,.171664754
4008500,87.38379809999999,.529160526
4008600,73.93548389999999,-.454461544
4008700,86.5384615,1.398848607
4008800,85.13157890000001,-.169787761
4009100,120.9331652,-.192870983
4009400,87.8378378,-.581770632
4009500,105.6939502,1.079748157
4009600,93.637455,.856672783
4009700,104.7897196,.831472683
4009800,71.6232962,-2.161638424
4010000,69.45876290000001,-2.187460425
4010100,83.54725790000001,-.371586363
4010200,85.92493300000001,-.775186279
4010300,95.6117021,.789526188
4010400,75.9408602,-.459971285
4010500,100.8185539,.613311658
4010600,59.4202899,-.461235449
4010800,75.34883719999999,-1.859697193
4011000,70.3571429,-1.339764789
4011100,97.8384528,.977016068
4011200,62.4516129,-1.199891224
4011300,101.2195122,.711056953
4011400,67.07317069999999,-2.605207172
4011500,93.6010038,2.251594304
4011600,51.8728717,.021423635
4011700,75.7094211,.472258166
4011800,104.9056604,.441513906
4011900,104.9479167,.203292585
4012000,86.039886,-1.250783196
4012100,77.9976717,-.815368055
4012200,62.3559539,-.8633849220000001
4012301,100.8196721,1.193078331
4012400,72.972973,-1.390051724
4012500,84.8809524,-.38855692
4012601,60.1366743,-1.211981057
4012602,91.45183180000001,-1.797287167
4012800,75.1898734,-.850766511
4013000,96.7302452,.405985097
4013200,82.3759791,-.343744713
4013400,79.3650794,-.817606871
4013500,69.9760766,-.749364509
4013600,73.04785889999999,-.749950228
4013700,132.6196474,.453989178
4013800,63.3819951,-1.081343562
4014000,82.2829964,-.115665089
4014100,82.6923077,1.440790966
4014201,76.82619649999999,-.098339223
4014202,94.3765281,.62314837
4014300,87.9021879,.554617938
4014400,59.3296089,-2.547467406
4014500,107.8104994,.139074253
4014700,80.1197605,-.101193775
4014800,87.00980390000001,.661528131
4014900,76.07709750000001,.963088725
4015000,76.23152709999999,.647564905
4015100,85.10638299999999,1.187815017
4015200,135.0724638,2.060654399
4015300,104.1558442,1.017262251
4015400,79.8948752,-.314968102
4015500,90.2912621,.929462193
4015600,83.6477987,-.268860444
4015700,79.2525773,.58573042
4015801,99.3188011,-.874209168
4015802,99.8637602,1.088856922
4015900,81.65605099999999,-.150840602
4016100,90.4761905,-.066602981
4016300,52.0547945,-1.054372586
4016400,89.21694479999999,-.75909916
4016600,58.2920792,-.611891258
4016800,85.0208044,-.592143635
4016900,92.2789539,-.671963155
4017000,80.91822090000001,-.078640928
4017200,42.0595533,-.234978348
4017400,85.2209945,-.334592174
4017600,107.8666667,.48992675
4017800,231.1212815,.042034715
4017900,98.02259890000001,.770723908
4018000,96.3181149,-.72226072
4018101,81.1748999,-1.248501794
4018102,94.259012,.740714733
4018200,81.2738854,.761819249
4018300,86.0759494,-.56833278
4018401,183.5526316,.842616139
4018402,114.6505376,.444513206
4018501,75.18891690000001,-.034564635
4018502,99.6221662,.784372598
4018600,74.1468459,.562816877
4018700,74.5271122,.549083839
4018800,89.7327707,1.50722512
4018900,111.0335196,.7578433
4019000,102.5531915,.141551604
4019200,69.8296837,.321273909
4019400,39.0243902,-2.231795977
4019600,76.8076398,-.620619323
4019800,73.4722222,-1.349284239
4019900,52.72727270000001,.596483469
4020200,35.2811466,-1.267306276
4020400,93.82113819999999,.507932512
4020500,74.06947889999999,-.960766615
4020600,53.5980149,-1.958341165
4020800,86.61311910000001,-1.045982137
4021200,70.3328509,1.569726065
4021400,86.1182519,-.449766883
4021600,96.61229609999999,-.496212272
4022001,79.71576230000001,-.207630338
4022002,94.5725916,-.342946669
4023000,138.2978723,.38070937
4023200,83.2070707,-.423934409
4023500,102.4495677,-.745910932
4023600,104.9518569,-.506793721
4023800,76.15062759999999,.140018529
4024000,88.5154062,-.115961699
4024300,101.6229713,-.566800801
4024500,109.5988539,-.299725207
4024700,84.464752,-1.379878862
4024900,87,-.742843416
4025100,78.8804071,-.728775893
4025301,93.35989380000001,.236997313
4025302,86.9853918,-1.116119984
4025400,111.1638955,-1.212158121
4025500,82.40190250000001,1.008200947
4025700,70.5144291,-.890279012
4025800,116.1981258,1.280628161
4025900,84.8020434,-.862361784
4026000,176.1487965,1.073932155
4026100,84.02777780000001,-1.524777251
4026200,97.7433004,-1.340408191
4026300,85.18041240000001,-.925834204
4026400,195.6989247,2.366218652
4026500,88.1074169,-.220539411
4026600,53.2432432,-.8380622599999999
4026700,79.4630872,-1.590500642
4026901,96.51162789999999,-1.160946392
4026902,58.9147287,-1.113978158
4027000,73.85892120000001,-1.146997572
4027100,77.44966439999999,-.748083024
4027200,60.724234,-1.133591445
4027300,66.66666669999999,-1.609499892
4027400,56.9174757,-1.080931553
4027500,69.18238989999999,-1.991247938
4027600,67.67466109999999,-.179511372
4027700,68.9881735,-1.860358754
4027800,40.3361345,.509194228
4027900,81.1688312,-1.180559216
4028000,57.3349633,-.940383432
4028100,65.3246753,-.909331849
4028200,84.9875931,1.109533135
4028300,77.97246559999999,.385166778
4028400,75.3926702,.031088419
4028500,88.26739430000001,-.8719725699999999
4028700,67.4603175,-.451766879
4028800,76.65036670000001,-.028218136
4028900,72.1291866,-1.356838645
4029100,72.87917739999999,-.8829613039999999
4029300,100.3921569,-.209575888
4029400,72.3489933,-1.442823371
4029500,93.4097421,-.3454502
4029700,90.13732829999999,-.440812944
4030600,42.0198377,-1.529533814
4030902,85.8895706,-2.241478194
4030903,80.7242991,-1.261779094
4030904,62.3543124,-.900396557
4031700,89.50338599999999,-.610303488
4032000,90.8396947,.626636525
4032700,66.8653159,-.925782739
4032800,91.809291,-1.879282515
4032900,46.8875502,-1.462551996
4033000,85.7961054,-.396541557
4033401,42.9054054,.098443237
4033402,87.7408056,-.330353113
4033700,53.1521739,-.504474011
4033900,40.7017544,-1.394171574
4034700,67.1590909,-.470453789
4035100,82.54397829999999,-1.094338138
4035200,61.9402985,1.000260164
4035300,103.5573123,-1.025418856
4035700,54.0880503,.008450539
4035800,42.886812,-.977568627
4036100,83.6601307,-.513339659
4036300,69.6642686,-.837089053
4036500,63.65853660000001,-.556179059
4036600,143.0583501,.150623177
4036700,87.1275328,.296892014
4036800,57.2591588,.561771443
4037100,111.5532734,2.508240268
4037300,102.0860495,1.542679181
4037500,92.09844560000001,-2.213702254
4037600,80.7197943,-2.172017695
4037700,99.1814461,-1.696545576
4037900,105.7428215,-1.588101469
4038100,92.00507610000001,-.497174486
4038400,57.75462959999999,-1.867250121
4039400,73.25153370000001,-.495174807
4039800,74.4911805,-.529000719
4039900,86.6317169,-1.037013053
4040000,55.5691554,-.42843556
4040100,104.5685279,-.9065112829999999
4040200,71.76656150000001,-.394335927
4040300,85.3179191,-1.436226827
4040400,81.0055866,.073901187
4040500,71.21771220000001,-3.954267075
4040700,84.0821566,-.459723058
4040900,90.98143239999999,-1.995630579
4041100,65.7407407,-2.054504636
4041300,100.4914005,-2.202035189
4041400,79.8648649,.372652417
4041500,73.51828500000001,-1.472180033
4042400,115.6156156,.469066765
4042700,88.4711779,-2.187746725
4043200,110.0271003,-1.65549443
4043400,131.4666667,1.980875368
4043701,70.83854819999999,-1.193855174
4043702,77.3299748,-1.058067989
4043900,62.8008753,-2.507946318
4044000,88.7287025,-.255090807
4044301,-3.2786885,-2.843390812
4044302,79.31904159999999,-.292694707
4044400,157.6446281,.065780209
4044601,70.4245974,-1.23752626
4044602,60.5858855,-.749803942
4044800,79.53667949999999,-.363534564
4045000,82.1200511,-.508988369
4045200,88.7159533,-1.689869031
4045400,107.1794872,-.664692024
4045500,95.0268817,-1.010134638
4045600,52.4752475,-1.448838707
4045700,51.20828539999999,-.985637087
4045800,63.0769231,-.705630116
4045900,83.59281440000001,-1.800270879
4046000,70.6293706,-1.310541687
4046100,102.9262087,-.6753823920000001
4046200,80.72916669999999,-.44164402
4046300,85.335019,-2.019426051
4046400,56.9060773,-1.131353709
4046500,63.30166270000001,-.884182544
4046600,71.4442013,-1.64042864
4046700,72.1220527,-1.981327506
4046800,93.3895921,-.122283289
4046900,63.2653061,-1.730225779
4047000,88.8412017,-1.324048182
4047100,77.9026217,-.952078766
4047200,59.04645480000001,-1.444685471
4047300,81.9428571,-.394109198
4047500,88.9447236,-.69228268
4047600,225.2788104,-.243460234
4047800,69.63151210000001,-.378226686
4047900,68.7137891,-1.268526598
4048000,82.10399029999999,-1.103797673
4048100,69.59706960000001,-1.813023447
4048200,75.9427828,-.41845691
4048300,91.9047619,-.5521584940000001
4048400,60.39603959999999,-.3367919
4048500,105.3179191,.307354209
4048900,105.8007566,-.306293832
4049200,75.68345319999999,-.708327657
4049301,98.1481481,-.269242299
4049302,81.51898730000001,-.412149298
4049500,87.93103450000001,-.427619773
4049600,75.4452926,-1.412702555
4049700,64.58557590000001,-.449026597
4049900,64.8899189,-1.966207699
4050000,79.6561605,-.465143467
4050201,55.1282051,.118343724
4050202,18.9655172,-.389568142
4050400,68.8888889,-.015503454
4050500,49.2708333,-1.350704052
4050600,56.0606061,-.266225112
4050700,75.28321320000001,-1.521759841
4050800,64.1196013,.81779732
4051000,24.3735763,-.748982578
4051100,69.77829639999999,-.5591175819999999
4051200,53.4562212,-1.333947708
4051300,77.6456599,-.549291414
4051500,120.722135,.841100372
4051600,56.888361,-1.477664252
4051700,122.9385307,.616647723
4051800,78.7939698,-.498869097
4052000,56.5645514,-.684669679
4052100,54.5899633,.195647196
4052200,50.35211269999999,-1.996011045
4052400,39.5348837,-1.643930783
4052500,93.74201789999999,.462667942
4052600,94.5979899,2.101999441
4052800,116.8405365,-2.328070438
4053000,61.1995104,-.158055443
4053100,86.7521368,.936665473
4053200,78.37209299999999,.608713719
4053401,16.0550459,-.908973551
4053500,118.2222222,.596318762
4053601,49.2890995,-1.867802624
4053800,42.0779221,-1.249430757
4053900,93.9691445,.560878684
4054000,80.2564103,-.603207562
4054200,52.52960169999999,-1.355389016
4054500,91.39167860000001,.827007068
4054700,91.5730337,1.796862187
4054800,65.1741294,-1.248298484
4054900,96.49859939999999,.548758026
4055100,93.5389134,.480419309
4055200,73.8125802,-.429592311
4055300,113.5514019,1.29842129
4055400,131.9277108,-1.067349091
4055500,81.9694868,-.962534757
4055600,93.60613810000001,-.842468442
4055700,77.4456522,.02964672
4055800,77.39504839999999,-1.970072542
4055900,91.9491525,1.514589362
4056000,95.5523673,-.657040219
4056200,66.06929510000001,-1.362813019
4056400,95.9839357,-2.076694271
4056500,92.0469361,.427579941
4056600,71.37203170000001,-1.626675196
4056700,86.24678660000001,-.051564111
4056800,60.7407407,-.370696953
4057700,67.77777780000001,.185446177
4057900,79.972752,.345681912
4058000,82.4133504,.019382749
4058100,91.7142857,.358120494
4058200,86.9565217,-.908139269
4058300,86.6216216,.335035075
4058500,84.98023719999999,.280006686
4058700,86.8005739,-.616934444
4058900,90.9612626,.082895927
4059000,73.96226420000001,-.798505575
4059100,64.3631436,-.0366864
4059200,29.5336788,-1.649541839
4059300,83.6065574,.067189192
4059400,.2483444,-2.867218358
4059500,79.0697674,.5896444790000001
4059600,34.0482574,-2.069727059
4059800,96.01593630000001,.022970849
4059900,88.5714286,-.49902542
4060000,109.7428958,-.191073222
4060100,67.6575505,-1.660353069
4060300,87.804878,-.436632387
4060600,61.76194940000001,-.399313714
4060800,81.15942029999999,-1.927674958
4061000,52.57410300000001,-.887493247
4061200,65.5172414,-1.986414205
4061301,72.1019108,-.410972199
4061400,96.98725379999999,-1.032729416
4061601,148.5623003,-1.198108756
4061602,40,-.953913526
4061800,63.27077749999999,-.9356417849999999
4061900,64.9859944,.450202679
4062000,81.4300961,-1.192911142
4062100,74.3801653,-.385359767
4062200,55.27369829999999,-1.542004951
4062300,73.4455959,-1.107354112
4062500,72.58278150000001,.125940342
4062600,32.0276498,-1.04496466
4062700,92.4242424,-.787456944
4062900,81.2244898,.8307068440000001
4063000,104.1306436,.134863183
4063200,64.06779660000001,-.884997662
4063301,82.61474269999999,.490485763
4063302,96.3008631,-.117424049
4063500,65.7309942,-1.080360937
4063700,73.038674,.058440254
4063800,73.9027284,-.266853682
4063900,70.8751793,-.17281054
4064101,302.9761905,3.150081251
4064500,74.45887450000001,-.329646682
4064600,84.5549738,-1.498917904
4065000,65.2962515,-.368238833
4065400,55.45796739999999,-1.467773422
4065600,70.2891326,-.814708415
4065702,72.5513906,-.902703714
4065703,63.3084577,-1.01099918
4065900,95.0248756,-.029638226
4066000,67.6715177,-.99907089
4066100,49.3697479,-.879162668
4066300,105.5487053,.067271482
4066400,63.5814889,-.545497568
4066501,73.0473047,.118589343
4066701,64.63700230000001,-.301638095
4066900,52.8748591,-.665237675
4067100,74.6733668,-.910580449
4067700,67.27688790000001,-.657388049
4067900,90.4984424,-.274595926
4068000,74.3326489,-1.722305555
4068200,23.2219366,-3.240227355
4068300,94.0656566,.258361196
4068700,66.9451074,-1.126168454
4069000,71.9170984,-.347376655
4069300,70.83811709999999,-1.605461356
4069400,72.3251029,.213106562
4069500,75.09112999999999,-1.19652065
4069701,76.95121950000001,1.006819885
4069702,64.76079350000001,-.408746437
4070300,85.8490566,-1.708594631
4070700,13.8604651,-2.639717785
4070900,101.4201183,-.725012501
4071100,69.52491309999999,-1.479229796
4071303,101.4051522,.511725279
4071304,56.7915691,-1.232849633
4071305,100.5476451,-.184810697
4071306,68.2365827,-.891492358
4071701,78.0839895,-.167668026
4071702,61.023622,-1.245582855
4071900,88.87399459999999,.106131131
4072100,56.6063978,-.681397976
4072300,86.3843648,-1.010847971
4072900,67.4132139,-.203186629
4073100,107.6502732,-.253867507
4073700,93.8534279,-.317012008
4073900,84.3850267,-.652286207
4074100,96.5789474,-.560609531
4074300,61.03038309999999,-1.382068154
4074500,78.5932722,-.181376167
4074700,48.7632509,-1.679042298
4074900,3.2524522,-1.763163569
4075701,91.36771299999999,-.820837707
4075702,60.8744395,-1.089748656
4076901,73.5263702,-.344603904
4076902,95.3828829,-.172590404
4077300,50.4739336,-1.621854756
4077500,79.9222798,.242909733
4077902,61.0995851,-.860166798
4077903,57.03794370000001,-.383676817
4077904,97.78554779999999,-.559665025
4077905,67.9104478,-.730384932
4077906,127.7091907,.88733839
4077907,95.74759950000001,.972450005
4077908,94.9245542,-.718679524
4078800,140.052356,.988101091
4079000,56.4042303,.658137329
4079200,88.9884763,.7364051029999999
4079701,55.2132701,-1.735561478
4079702,62.79620849999999,-3.025610411
4079900,39.0756303,-3.440208299
4080301,77.88347209999999,-1.871228161
4080302,142.0157068,-.215979978
4080900,45.0724638,-1.445878499
4081400,76.7012687,-.068566529
4081800,46.049896,-2.251577454
4083700,50.34965030000001,-2.57078767
4083800,89.60396040000001,-.859366584
4084000,35.259434,-1.44699642
4084500,31.5231788,-3.869955856
4084601,88.68159199999999,-.753835981
4084602,73.2851986,-1.263386049
4084900,91.77718830000001,-3.28800237
4085300,69.2033294,-2.083550983
4085500,66.7098446,-2.313192408
4085700,71.37355580000001,-1.828794056
4085900,73.38709679999999,-2.195644664
4086100,56.234414,-2.74326636
4086300,64.50809459999999,-1.356787347
4086400,78.4933171,-1.039700401
4086500,74.70588240000001,-1.245255903
4086900,73.47826090000001,-1.986291943
4087100,41.2757974,-.974179591
4088400,100.4689332,-.826134005
4088901,127.6051188,-.379241441
4089200,173.3425414,.984923978
4090700,118.1428571,-.780694731
4091601,102.020202,-.06311442
4091900,85.0478469,-1.897829456
4092200,54.0425532,-.776481338
4092500,63.39794749999999,-2.310821151
4092800,91.3393756,-.854107011
4092900,68.04597700000001,-1.512883716
4093401,99.3297587,-.492010456
4093402,80.0807537,-.589033346
4093800,66.40986129999999,-.843746848
4093900,81.1422414,-.892472653
4094201,94.69578779999999,1.026389183
4094202,97.6470588,1.563408148
4094203,83.0374753,.012108281
4094500,67.1161826,-.835765431
4094700,102.2757697,-.914588506
4095400,114.3769968,1.269206186
4096400,75.1642576,-1.256835897
4097202,60.2985075,.263770612
4097203,28.2608696,-1.535070732
4097204,150.9433962,1.164083682
4097300,85.2090032,-.394411505
4098100,45.8801498,-1.688789602
4098700,53.4446764,-.424751958
4099100,92.48210019999999,-.079500718
4099200,70.04909980000001,-.700337153
4099701,108.8578089,.150705945
4099703,73.75,-.878932562
4099704,50,-1.183225277
4099705,102.5,-.07092913
4099801,82.13213209999999,-.563457945
4099802,50.4504505,.037380783
4100801,120.9210526,1.100685985
4100802,63.2894737,-.618077651
4101001,91.40186919999999,.328889659
4101002,141.6149068,1.091858586
4101700,131.122449,-.489106292
4102900,72.85259809999999,-1.311402589
4103201,42.4483307,-1.69630952
4103202,96.031746,.301604151
4103300,75.987526,-.646360219
4103900,62.1167161,-.955067334
4104700,68.48049280000001,-2.049867187
4105900,74.2268041,-1.552857615
4107201,70.58823530000001,.27495612
4108500,54.9234136,-1.68067235
4109300,108.0301129,-.723409328
4109700,79.8590131,-.072909542
4109900,87.3737374,-.670986199
4111300,87.2093023,-1.539365438
4112300,95.51912569999999,-.364538762
4112900,86.14457829999999,-.197124081
4113300,99.0228013,-.7836754889999999
4113900,77.293578,-1.695548725
4114100,48.52791879999999,-.83297358
4114700,53.1986532,-1.379392959
4115100,91.087963,-1.503406204
4115500,75.66539920000001,-2.427201338
4115700,74.1697417,-2.110470256
4115900,76.5625,-1.285160583
4116100,62.0454545,-1.575959704
4116300,73.0337079,-2.474669939
4116700,62.25596530000001,-2.405292497
4117100,70.602706,-1.026124166
4117500,57.735426,-1.678972613
4118100,71.7777778,-.824868548
4118500,72.47058819999999,-1.662420541
4118700,49.4199536,-2.700653131
4118900,36.2549801,-1.319732013
4119100,88.593577,-1.735676572
4119300,81.41176470000001,-.926515179
4119500,65.9551761,-.734107474
4119900,80.0965018,-1.540592063
4120100,46.969697,-2.115273801
4120300,53.1891892,-2.142900449
4120500,43.0107527,-2.988359906
4120700,87.620064,-.567518119
4121500,61.8015964,-1.653961052
4122300,89.1504606,-.539267882
4122701,93.61344539999999,-1.244004905
4122702,48.6746988,-.438440546
4124100,97.43918050000001,-.596987372
4124700,83.4825871,-.804184514
4125700,83.7237978,-.864271373
4126500,23.1724138,-2.051178949
4126700,35.042735,-1.441391468
4127700,27.1267103,-2.167791184
4129102,251.6174402,1.201377671
4129103,79.53367879999999,-.938795333
4129104,29.5336788,-1.330597203
4130100,91.36,-.057663525
4133300,57.7861163,-.992070154
4133900,51.9950125,-.773987801
4134100,60.035057,-1.122782253
4134700,91.98606270000001,-1.090788017
4136700,82.30277190000001,-1.14474836
4137700,70.6652126,-.733914298
4138501,52.4886878,-1.898191589
4139900,37.734375,-1.496182897
4140300,52.0953164,-1.032582625
4140901,17.3553719,-1.424574345
4140902,52.8119508,-.669656779
4141700,57.1589628,-1.091379193
4142900,66.5743306,-1.470569077
4143500,94.31072209999999,-.501338781
4144100,84.46362520000001,-.617010737
4144700,59.2195122,-.7454740010000001
4145101,79.90000000000001,-.755944582
4145102,75.9358289,-.55962516
4145900,88.0648899,-.35442623
4146300,60.371517,-.667066519
4146700,103.0144168,-.648658501
4147100,61.2840467,-1.421053965
4147900,75.45271630000001,-1.486938917
4148300,61.8284637,-1.203843317
4150701,62.6916525,-1.110920268
4150702,63.49206349999999,-1.405184729
4152901,90.64546300000001,-.729568837
4152902,137.5714286,.535770381
4155101,51.08481259999999,-4.339457899
4155102,74.9693252,-.564125458
4156700,499.5475113000001,5.629234743
4157101,82.97872339999999,-.160270517
4157102,90.5434783,-1.112320002
4157901,120.8393632,.96140417
4157902,106.0295791,.771204633
4157903,98.7878788,-.261146831
4161700,57.2992701,-.839396202
4162100,66.9756663,-.9213768490000001
5000300,66.09442060000001,-.691423412
5000600,64.85260769999999,.081216584
5000700,48.3180428,-2.10259594
5000800,67.21536350000001,-.120012386
5000900,63.0890052,-1.498016115
5001100,62.9943503,-1.094618401
5001700,50.3259452,-1.714853834
5001800,126.1136713,.026738507
5002001,51.2971698,.523158227
5002002,74.9435666,.512723775
5002100,70.1453104,-.984982316
5002700,85.36912749999999,-.846581204
5002900,107.4168798,.219270975
5003300,48.2394366,-.6003979820000001
5003600,93.715847,-.86202031
5003900,68.5208597,-1.568977846
5004000,133.6158192,.454603307
5004700,82.39247309999999,-.500478045
5005000,131.2121212,.152510261
5005900,57.7723378,-.432262871
5006400,31.1004785,-.541603749
5006700,69.4677871,-1.151672306
5007000,98.9056088,.008503452
5007400,53.28000000000001,.988891472
5007500,79.27321670000001,-2.301702808
5007700,68.91891890000001,-.9609662410000001
5008100,40.4977376,-.5929720979999999
5009601,57.493188,-.447617545
5009602,58.6075949,.224146631
5009700,109.9099099,.016331813
5010500,48.516129,-1.278677387
5011201,78.184111,-.073319185
5011202,50.7263923,-.127347104
5011401,33.1967213,-1.291231425
5011402,78.3544304,-.219637562
5012100,62.8025478,-.657314422
5012200,38.1997805,-.873166753
5012500,60.73298430000001,-.723240107
5012804,50.5481121,-.716557973
5012805,95.9016393,-.274744472
5012806,103.2786885,.104515882
5013201,40.5432596,-.484146959
5013203,83.51783520000001,-.337121753
5013204,61.8119266,-.428320608
5013301,65.16853929999999,.717898613
5013302,69.3402329,-.924625013
5013400,44.7031432,-1.282863071
5013800,57.5797872,-.603797346
5014100,73.5694823,-.6655271109999999
5014604,55.29715760000001,-.68153668
5014605,58.64661650000001,-.679981603
5014606,109.68523,.605431658
5014607,100.7185629,-.468937364
5014608,110.2994012,-.278891006
5014700,49.1442543,-.96932918
5015100,44.5322793,-.410586069
5015601,22.3880597,-.868277066
5015602,57.93251969999999,-.987565808
5015603,148.8428745,.364623107
5016901,98.68735079999999,-.605703207
5017005,41.3245033,-.66872337
5017007,55.707196,-1.038481393
5017008,14.4208038,-1.930168435
5017009,49.4310999,-1.465975291
5017010,44.0401506,-.877871195
5017011,31.5545244,-1.426611232
5017012,50,-1.044080927
5017300,-1.6393443,-1.685409622
5017600,38.9851485,-.64503056
5017700,45.9266802,-.861167774
5018100,26.6832918,-1.591071844
5018701,100.2515723,.159351741
5018702,15.2562574,-1.852683043
5018901,47.5765306,-.97082835
5018902,74.9706228,-1.44160496
5019700,73.433584,.059840105
5019800,63.0829016,-.478170636
5020100,61.7610063,-.745809285
5020700,75.6923077,-1.281222647
5020801,80.0671892,-.300217746
5020803,47.8991597,-.75168261
5020804,43.8188494,-1.356854233
5021300,40.4151404,-1.123173886
5022300,34.4224037,-.359460714
5022600,72.22222219999999,-.656036141
5023100,117.6151762,-.493448229
5023900,27.388535,-.414847482
5024401,67.0072993,-.664392039
5024402,88.17518250000001,.154718219
5024700,84.90304709999999,.629558427
5024800,47.375,-.850338598
5025100,99.23273660000001,.371407826
5027301,81.98830409999999,-.854545617
5027302,89.1925466,-.900880903
5027702,37.3767258,-1.016339398
5027704,81.1794228,-.440590603
5027705,70.74468090000001,-.613578909
5027706,79.9202128,-.6769594799999999
5027900,37.7805486,-1.958891918
5029102,83.89743589999999,-.13607148
5029103,29.7845374,-1.883130055
5029104,94.86215540000001,-.453068181
5030301,62.37745099999999,-.376171656
5030302,93.9497717,.245618984
5031901,10.3359173,-1.194512606
5031902,68.7927107,-1.002873598
5032300,85.61643839999999,-1.131319367
