,BoroCT,2011 Household Median Income
2,2000100,-
3,2000200,63449
4,2000400,75729
5,2001600,33910
6,2001900,26291
7,2002000,24833
8,2002300,12454
9,2002400,-
10,2002500,14433
11,2002701,24389
12,2002702,19542
13,2002800,47363
14,2003100,37167
15,2003300,20670
16,2003500,27585
17,2003700,26111
18,2003800,58750
19,2003900,32875
20,2004001,48400
21,2004100,19752
22,2004200,36840
23,2004300,26042
24,2004400,16313
25,2004600,27083
26,2004800,26114
27,2005001,29125
28,2005002,26126
29,2005100,16580
30,2005200,27875
31,2005300,16410
32,2005400,30082
33,2005600,26964
34,2005902,35666
35,2006000,37917
36,2006100,40970
37,2006200,25017
38,2006300,29923
39,2006400,43800
40,2006500,23670
41,2006700,17834
42,2006800,34152
43,2006900,21058
44,2007000,35795
45,2007100,33427
46,2007200,44156
47,2007300,22209
48,2007400,53767
49,2007500,28770
50,2007600,34833
51,2007700,31542
52,2007800,39737
53,2007900,17344
54,2008300,23647
55,2008400,49844
56,2008500,25860
57,2008600,21860
58,2008700,26250
59,2008900,18811
60,2009000,24657
61,2009200,40768
62,2009300,31417
63,2009600,43421
64,2009800,52889
65,2011000,-
66,2011502,19617
67,2011700,11812
68,2011800,73953
69,2011900,21114
70,2012101,33537
71,2012102,12321
72,2012300,17614
73,2012500,32245
74,2012701,14940
75,2012901,17723
76,2013000,81897
77,2013100,25168
78,2013200,81985
79,2013300,19784
80,2013500,18697
81,2013800,67417
82,2014100,28022
83,2014300,16544
84,2014400,23645
85,2014500,21799
86,2014701,16978
87,2014702,17947
88,2014900,27500
89,2015100,27569
90,2015200,56875
91,2015300,20469
92,2015500,26020
93,2015700,28304
94,2015800,51908
95,2015900,17175
96,2016000,77428
97,2016100,18261
98,2016200,89167
99,2016300,-
100,2016400,80125
101,2016500,31786
102,2016600,81008
103,2016700,39219
104,2016900,29844
105,2017100,-
106,2017300,19125
107,2017500,14992
108,2017701,22880
109,2017702,20950
110,2017901,21891
111,2017902,22035
112,2018101,33438
113,2018102,35462
114,2018301,32783
115,2018302,36008
116,2018400,64091
117,2018500,24049
118,2018900,26965
119,2019300,18143
120,2019400,48965
121,2019500,38624
122,2019700,29678
123,2019900,25980
124,2020000,31599
125,2020100,33396
126,2020200,43984
127,2020400,42935
128,2020501,23939
129,2020502,23958
130,2020601,44173
131,2020900,22232
132,2021001,49891
133,2021002,42609
134,2021100,24818
135,2021200,49872
136,2021301,21549
137,2021302,25517
138,2021501,31969
139,2021502,24663
140,2021601,27997
141,2021602,47423
142,2021700,20500
143,2021800,35638
144,2021900,31389
145,2022000,13750
146,2022101,26756
147,2022102,21551
148,2022200,34352
149,2022300,24581
150,2022401,35574
151,2022403,25923
152,2022404,46352
153,2022500,32036
154,2022701,32500
155,2022702,51597
156,2022703,43720
157,2022800,41557
158,2022901,25769
159,2022902,23112
160,2023000,34375
161,2023100,35399
162,2023200,44659
163,2023301,28446
164,2023302,22564
165,2023501,35246
166,2023502,20039
167,2023600,32250
168,2023702,12188
169,2023703,30972
170,2023704,21384
171,2023800,46306
172,2023900,23029
173,2024000,35625
174,2024100,26172
175,2024300,27163
176,2024400,85729
177,2024501,27025
178,2024502,35433
179,2024600,64104
180,2024700,50464
181,2024800,70000
182,2024900,-
183,2025000,46957
184,2025100,31066
185,2025200,54549
186,2025300,28516
187,2025400,45313
188,2025500,26056
189,2025600,42813
190,2025700,32791
191,2026100,61325
192,2026300,25375
193,2026400,64526
194,2026500,25469
195,2026601,49795
196,2026602,44910
197,2026701,32904
198,2026702,32009
199,2026900,28239
200,2027300,42209
201,2027401,56458
202,2027402,89600
203,2027600,46875
204,2027700,28585
205,2027900,43339
206,2028100,57375
207,2028300,38603
208,2028400,49630
209,2028500,42939
210,2028600,70441
211,2028700,43873
212,2028800,57016
213,2028900,46979
214,2029301,103164
215,2029302,90260
216,2029500,88750
217,2029600,41563
218,2029700,88843
219,2030000,51326
220,2030100,89125
221,2030200,50976
222,2030701,87041
223,2030900,94231
224,2031000,89293
225,2031200,69141
226,2031400,74826
227,2031600,80991
228,2031800,59906
229,2031900,-
230,2032300,72218
231,2032400,29299
232,2032600,70309
233,2032800,37972
234,2033000,39609
235,2033201,45313
236,2033202,25408
237,2033400,43482
238,2033500,91250
239,2033600,25995
240,2033700,90496
241,2033800,39611
242,2034000,43386
243,2034200,56250
244,2034300,52274
245,2034400,38919
246,2034500,74341
247,2034800,43125
248,2035000,65208
249,2035100,62138
250,2035600,84054
251,2035800,64028
252,2035900,24524
253,2036000,67176
254,2036100,14191
255,2036300,22051
256,2036400,52344
257,2036501,30339
258,2036502,21953
259,2036700,22882
260,2036800,72727
261,2036901,14010
262,2036902,34286
263,2037000,68657
264,2037100,19167
265,2037200,52537
266,2037300,27806
267,2037400,19640
268,2037504,17029
269,2037600,47639
270,2037800,36786
271,2037900,22174
272,2038000,34221
273,2038100,26094
274,2038200,43214
275,2038301,24252
276,2038302,17232
277,2038500,18388
278,2038600,40902
279,2038700,28788
280,2038800,45438
281,2038900,23407
282,2039000,34010
283,2039100,23804
284,2039200,30577
285,2039300,16825
286,2039400,34759
287,2039500,27319
288,2039600,35568
289,2039700,19229
290,2039800,61102
291,2039901,26190
292,2039902,20697
293,2040100,33250
294,2040302,18610
295,2040303,25417
296,2040304,39816
297,2040400,41250
298,2040501,28634
299,2040502,23548
300,2040600,37885
301,2040701,23662
302,2040702,29980
303,2040800,33721
304,2040900,53795
305,2041100,41336
306,2041300,35946
307,2041400,51083
308,2041500,29974
309,2041800,42875
310,2041900,31801
311,2042000,38958
312,2042100,50833
313,2042200,47861
314,2042300,38875
315,2042400,55726
316,2042500,36035
317,2042600,67540
318,2042800,69274
319,2042901,31000
320,2042902,30481
321,2043000,45096
322,2043100,32889
323,2043400,42880
324,2043500,21250
325,2043600,42214
326,2044200,38261
327,2044400,63026
328,2044800,80505
329,2044901,62500
330,2044902,51154
331,2045101,56982
332,2045102,67738
333,2045600,60817
334,2045800,23030
335,2046000,37380
336,2046201,49302
337,2046202,36809
338,2048400,56667
339,2050400,-
340,2051600,66523
341,3000100,87806
342,3000200,31728
343,3000301,166346
344,3000501,91250
345,3000502,93575
346,3000700,135050
347,3000900,108427
348,3001100,79231
349,3001300,95588
350,3001500,66023
351,3001800,-
352,3002000,54167
353,3002100,167737
354,3002200,35045
355,3002300,17035
356,3002901,9662
357,3003000,56042
358,3003100,64458
359,3003300,83688
360,3003400,69904
361,3003500,46339
362,3003600,58147
363,3003700,73750
364,3003800,93125
365,3003900,61563
366,3004100,91607
367,3004300,95781
368,3004400,87000
369,3004500,106361
370,3004600,53393
371,3004700,98971
372,3004900,82609
373,3005000,74271
374,3005100,88188
375,3005201,26523
376,3005202,59625
377,3005300,74219
378,3005400,60714
379,3005601,52246
380,3005602,59167
381,3005800,51993
382,3005900,57222
383,3006000,62723
384,3006200,53184
385,3006300,91218
386,3006400,51558
387,3006500,85857
388,3006600,52083
389,3006700,119423
390,3006800,40758
391,3006900,94196
392,3007000,60387
393,3007100,35963
394,3007200,39008
395,3007400,35195
396,3007500,98646
397,3007600,39299
398,3007700,99543
399,3007800,31649
400,3008000,41354
401,3008200,46974
402,3008400,31463
403,3008500,16748
404,3008600,-
405,3008800,38438
406,3009000,30093
407,3009200,36270
408,3009400,43036
409,3009600,40428
410,3009800,36089
411,3010000,28297
412,3010100,42253
413,3010200,38908
414,3010400,32574
415,3010600,32287
416,3010800,38024
417,3011000,36045
418,3011200,27355
419,3011400,39318
420,3011600,30996
421,3011700,67965
422,3011800,40726
423,3011900,69750
424,3012000,26118
425,3012100,76641
426,3012200,39393
427,3012600,31368
428,3012700,24338
429,3012801,50417
430,3012901,87875
431,3012902,88036
432,3013000,49653
433,3013100,103063
434,3013200,39291
435,3013300,108409
436,3013400,72591
437,3013500,104375
438,3013600,71904
439,3013700,79444
440,3013800,49007
441,3013900,63717
442,3014000,53008
443,3014100,80563
444,3014200,52424
445,3014300,56083
446,3014500,47880
447,3014700,65000
448,3014800,85664
449,3014900,94146
450,3015000,71944
451,3015100,109859
452,3015200,59399
453,3015300,104432
454,3015400,-
455,3015500,104375
456,3015700,119076
457,3015900,109329
458,3016000,55893
459,3016100,99333
460,3016200,84531
461,3016300,78438
462,3016400,74922
463,3016500,120727
464,3016600,73750
465,3016700,106967
466,3016800,83045
467,3016900,66603
468,3017000,65136
469,3017100,100341
470,3017200,78487
471,3017400,42386
472,3017500,-
473,3017600,39643
474,3017700,-
475,3017800,52679
476,3017900,60000
477,3018000,31835
478,3018100,76293
479,3018200,37357
480,3018300,96250
481,3018400,51205
482,3018501,21869
483,3018600,52169
484,3018700,110000
485,3018800,77316
486,3019000,42194
487,3019100,53077
488,3019200,32250
489,3019300,40469
490,3019400,36080
491,3019500,55616
492,3019600,40625
493,3019700,75607
494,3019800,41964
495,3019900,56094
496,3020000,54182
497,3020100,73489
498,3020200,80368
499,3020300,68981
500,3020400,74290
501,3020500,81696
502,3020600,63500
503,3020700,98114
504,3020800,51076
505,3021000,55250
506,3021100,54800
507,3021200,40116
508,3021300,46071
509,3021400,26719
510,3021500,59617
511,3021600,39896
512,3021700,40245
513,3021800,33217
514,3021900,35233
515,3022000,31674
516,3022100,42568
517,3022200,29508
518,3022400,39185
519,3022600,57778
520,3022700,39523
521,3022800,45132
522,3022900,52426
523,3023000,32633
524,3023100,59438
525,3023200,26931
526,3023300,37370
527,3023400,37052
528,3023500,62313
529,3023600,30052
530,3023800,28864
531,3024000,39271
532,3024100,33750
533,3024200,42350
534,3024300,34717
535,3024400,36450
536,3024500,46431
537,3024600,45720
538,3024700,36691
539,3024800,48375
540,3024900,50429
541,3025000,41827
542,3025100,36659
543,3025200,45734
544,3025300,45913
545,3025400,48080
546,3025500,19488
547,3025600,42109
548,3025700,33071
549,3025800,43486
550,3025901,26083
551,3025902,19393
552,3026000,42000
553,3026100,31021
554,3026200,57938
555,3026300,33843
556,3026400,49349
557,3026500,42892
558,3026600,52518
559,3026700,58226
560,3026800,45441
561,3026900,33555
562,3027000,40457
563,3027100,39837
564,3027200,41102
565,3027300,28875
566,3027400,40256
567,3027500,55000
568,3027600,35208
569,3027700,31250
570,3027800,39524
571,3027900,42908
572,3028000,65455
573,3028100,22841
574,3028200,34592
575,3028300,13732
576,3028400,38678
577,3028501,97765
578,3028502,20154
579,3028600,34837
580,3028700,23665
581,3028800,30051
582,3028900,22575
583,3029000,36755
584,3029100,35402
585,3029200,27215
586,3029300,23965
587,3029400,28523
588,3029500,53824
589,3029600,36818
590,3029700,57284
591,3029800,47779
592,3029900,34205
593,3030000,39306
594,3030100,42206
595,3030200,44348
596,3030300,24720
597,3030400,37391
598,3030500,52547
599,3030600,40912
600,3030700,22112
601,3030800,47019
602,3030900,41330
603,3031100,38295
604,3031300,33056
605,3031400,45538
606,3031500,39189
607,3031701,35243
608,3031702,41455
609,3031900,36607
610,3032100,29223
611,3032300,39601
612,3032500,30799
613,3032600,26857
614,3032700,42546
615,3032800,38372
616,3032900,37239
617,3033000,23026
618,3033100,29571
619,3033300,42188
620,3033500,54167
621,3033600,61474
622,3033700,41438
623,3033900,38996
624,3034000,22013
625,3034100,37905
626,3034200,18806
627,3034300,21250
628,3034500,42250
629,3034700,25593
630,3034800,41891
631,3034900,34625
632,3035000,34984
633,3035100,26821
634,3035200,9502
635,3035300,35072
636,3035400,42514
637,3035500,29904
638,3035601,42432
639,3035602,40172
640,3035700,13571
641,3035900,27888
642,3036001,27161
643,3036002,14521
644,3036100,15153
645,3036200,28398
646,3036300,37521
647,3036400,37572
648,3036501,35361
649,3036502,48971
650,3036600,47706
651,3036700,51691
652,3036900,20071
653,3037000,56111
654,3037100,42793
655,3037300,28861
656,3037401,54403
657,3037402,30866
658,3037500,37833
659,3037700,51280
660,3037900,44229
661,3038100,26982
662,3038200,24030
663,3038300,42976
664,3038500,30969
665,3038600,43929
666,3038700,29830
667,3038800,45313
668,3038900,33981
669,3039000,46458
670,3039100,43537
671,3039200,43699
672,3039300,50565
673,3039400,49455
674,3039500,26222
675,3039600,40446
676,3039700,35000
677,3039800,35539
678,3039900,39718
679,3040000,40037
680,3040100,31953
681,3040200,39082
682,3040300,27301
683,3040400,37052
684,3040500,44213
685,3040600,51016
686,3040700,-
687,3040800,38225
688,3040900,32658
689,3041000,46827
690,3041100,32348
691,3041200,40675
692,3041300,39419
693,3041401,51985
694,3041402,44779
695,3041500,35221
696,3041600,46316
697,3041700,26776
698,3041800,33852
699,3041900,33555
700,3042000,54904
701,3042100,33598
702,3042200,47733
703,3042300,47868
704,3042400,40290
705,3042500,31630
706,3042600,42794
707,3042700,39583
708,3042800,39813
709,3042900,32885
710,3043000,41386
711,3043100,25020
712,3043200,35918
713,3043300,27778
714,3043400,44866
715,3043500,34452
716,3043600,38520
717,3043700,33438
718,3043800,47083
719,3043900,37885
720,3044000,52464
721,3044100,36161
722,3044200,50402
723,3044300,44601
724,3044400,41071
725,3044500,40441
726,3044600,44948
727,3044700,52512
728,3044800,42434
729,3044900,26298
730,3045000,41179
731,3045200,57422
732,3045300,45686
733,3045400,62760
734,3045600,28939
735,3045800,51250
736,3046000,49153
737,3046201,28324
738,3046202,44432
739,3046400,42353
740,3046800,50431
741,3047000,51970
742,3047200,56375
743,3047400,50500
744,3047600,34705
745,3047700,73730
746,3047800,34313
747,3048000,48906
748,3048100,64500
749,3048200,26107
750,3048400,40676
751,3048500,59762
752,3048600,30000
753,3048800,32140
754,3048900,23571
755,3049000,37364
756,3049100,39226
757,3049200,51786
758,3049300,23865
759,3049400,45500
760,3049500,80368
761,3049600,53718
762,3049700,67946
763,3049800,50759
764,3049900,56103
765,3050000,53099
766,3050100,60798
767,3050202,78380
768,3050300,66875
769,3050400,73833
770,3050500,21454
771,3050600,33856
772,3050700,19595
773,3050801,29921
774,3050803,50882
775,3050804,45078
776,3050900,29356
777,3051001,35821
778,3051002,36716
779,3051100,22174
780,3051200,44772
781,3051300,63339
782,3051400,41374
783,3051500,81685
784,3051601,32480
785,3051602,38681
786,3051700,90096
787,3051800,58790
788,3051900,69817
789,3052000,50408
790,3052300,31692
791,3052500,16139
792,3052600,57159
793,3052700,35373
794,3052800,77969
795,3052900,32768
796,3053000,54063
797,3053100,30938
798,3053200,54250
799,3053300,19722
800,3053400,34682
801,3053500,21250
802,3053700,21563
803,3053800,36550
804,3053900,23368
805,3054200,42589
806,3054300,65547
807,3054400,65577
808,3054500,21992
809,3054600,32418
810,3054700,31970
811,3054800,52955
812,3054900,56438
813,3055000,33667
814,3055100,51367
815,3055200,47135
816,3055300,57969
817,3055400,41007
818,3055500,72330
819,3055600,50613
820,3055700,55833
821,3055800,48750
822,3056000,39722
823,3056100,61518
824,3056200,69875
825,3056300,56690
826,3056400,60341
827,3056500,62250
828,3056600,54560
829,3056800,78882
830,3056900,65559
831,3057000,56480
832,3057100,64196
833,3057200,14850
834,3057300,57130
835,3057400,72125
836,3057500,59943
837,3057600,53750
838,3057800,64663
839,3057900,43538
840,3058000,41591
841,3058200,31410
842,3058400,46923
843,3058600,41154
844,3058800,50750
845,3058900,86797
846,3059000,49707
847,3059100,58560
848,3059200,51796
849,3059300,41830
850,3059401,62557
851,3059402,66732
852,3059600,51698
853,3059800,60038
854,3060000,50507
855,3060600,33616
856,3060800,53333
857,3061002,52656
858,3061003,30735
859,3061004,25705
860,3061200,68958
861,3061600,79688
862,3062000,99125
863,3062200,48519
864,3062600,44007
865,3062800,62520
866,3063200,51386
867,3063600,90938
868,3063800,62750
869,3064000,91591
870,3064200,60588
871,3064400,81389
872,3064600,79375
873,3064800,55373
874,3065000,56000
875,3065200,114250
876,3065400,92679
877,3065600,76917
878,3065800,77630
879,3066000,77963
880,3066200,85530
881,3066600,-
882,3067000,48250
883,3067200,54934
884,3067400,55455
885,3067600,75093
886,3067800,76587
887,3068000,63371
888,3068200,80000
889,3068600,73813
890,3068800,68281
891,3069000,73546
892,3069200,62171
893,3069601,53848
894,3069602,92796
895,3069800,63750
896,3070000,105392
897,3070201,70858
898,3070202,39167
899,3070203,-
900,3070600,80455
901,3072000,66900
902,3072200,73906
903,3072400,79432
904,3072600,72935
905,3072800,52370
906,3073000,85781
907,3073200,61528
908,3073400,60221
909,3073600,45250
910,3073800,58598
911,3074000,55677
912,3074200,67438
913,3074400,63611
914,3074600,73056
915,3074800,55046
916,3075000,42213
917,3075200,104750
918,3075400,106548
919,3075600,61728
920,3075800,95766
921,3076000,59563
922,3076200,45795
923,3076400,56100
924,3076600,59247
925,3076800,49762
926,3077000,56364
927,3077200,48514
928,3077400,47533
929,3077600,47395
930,3078000,64960
931,3078200,48104
932,3078400,72344
933,3078600,37073
934,3078800,39182
935,3079000,38313
936,3079200,43221
937,3079400,51688
938,3079601,41605
939,3079602,32140
940,3079801,44427
941,3079802,46105
942,3080000,50337
943,3080200,40109
944,3080400,44444
945,3080600,52500
946,3080800,12500
947,3081000,32500
948,3081400,56691
949,3081600,46250
950,3081800,39727
951,3082000,46300
952,3082200,34382
953,3082400,33816
954,3082600,34019
955,3082800,43427
956,3083000,40096
957,3083200,76328
958,3083400,73594
959,3083600,60675
960,3083800,69742
961,3084000,58897
962,3084600,75000
963,3084800,70789
964,3085000,61096
965,3085200,-
966,3085400,71648
967,3085600,62519
968,3085800,52601
969,3086000,40529
970,3086200,36055
971,3086400,87649
972,3086600,42632
973,3086800,27382
974,3087000,36700
975,3087200,50402
976,3087401,40560
977,3087600,59750
978,3087800,45454
979,3088000,54302
980,3088200,35829
981,3088400,38906
982,3088600,35725
983,3088800,43986
984,3089000,34489
985,3089200,28768
986,3089400,42431
987,3089600,34010
988,3089800,37569
989,3090000,27104
990,3090200,23155
991,3090600,15149
992,3090800,12288
993,3091000,10844
994,3091200,17630
995,3091600,22692
996,3091800,31656
997,3092000,30069
998,3092200,30735
999,3092400,37721
1000,3092800,65775
1001,3093000,67054
1002,3093200,62784
1003,3093400,66943
1004,3093600,66635
1005,3093800,39600
1006,3094401,57031
1007,3094402,17756
1008,3094600,65357
1009,3095000,69103
1010,3095400,61224
1011,3095600,66364
1012,3095800,60045
1013,3096000,-
1014,3096200,65114
1015,3096400,64792
1016,3096600,85489
1017,3096800,82625
1018,3097000,51250
1019,3097400,57794
1020,3098200,20037
1021,3098400,81806
1022,3098600,67917
1023,3098800,60089
1024,3099000,44441
1025,3099200,74746
1026,3099400,78750
1027,3099600,69110
1028,3099800,62903
1029,3100400,66213
1030,3100600,89531
1031,3100800,49808
1032,3101000,59737
1033,3101200,58250
1034,3101400,66078
1035,3101600,73438
1036,3101800,71827
1037,3102000,89213
1038,3102200,56101
1039,3102400,51825
1040,3102600,66330
1041,3102800,82872
1042,3103400,25523
1043,3105801,20481
1044,3105804,25946
1045,3107000,58405
1046,3107800,59229
1047,3109800,37688
1048,3110400,33252
1049,3110600,27867
1050,3111000,20083
1051,3111600,42786
1052,3111800,30517
1053,3112000,48870
1054,3112200,46732
1055,3112400,45769
1056,3112600,25242
1057,3112800,35465
1058,3113000,37500
1059,3113200,57500
1060,3113400,20179
1061,3114201,48684
1062,3114202,25813
1063,3114400,26827
1064,3114600,35714
1065,3115000,35074
1066,3115200,17861
1067,3115600,16102
1068,3115800,36693
1069,3116000,31063
1070,3116200,39516
1071,3116400,38405
1072,3116600,38021
1073,3116800,40588
1074,3117000,37634
1075,3117201,43529
1076,3117202,39697
1077,3117400,48556
1078,3117601,37829
1079,3117602,40169
1080,3117800,43672
1081,3118000,-
1082,3118201,50643
1083,3118202,34223
1084,3118400,45180
1085,3118600,52554
1086,3118800,23686
1087,3119000,26484
1088,3119200,19643
1089,3119400,29844
1090,3119600,31453
1091,3119800,36812
1092,3120000,33421
1093,3120200,51750
1094,3120800,32418
1095,3121000,13205
1096,3121400,16169
1097,3122000,41645
1098,3123700,28652
1099,3150200,88711
1100,3152200,78125
1101,3990100,-
1102,1000100,-
1103,1000201,20304
1104,1000202,24459
1105,1000500,-
1106,1000600,20451
1107,1000700,125124
1108,1000800,30417
1109,1000900,124048
1110,1001001,79276
1111,1001002,16769
1112,1001200,48268
1113,1001300,114412
1114,1001401,86806
1115,1001402,29554
1116,1001501,62927
1117,1001502,126650
1118,1001600,27799
1119,1001800,42775
1120,1002000,18750
1121,1002100,205192
1122,1002201,41284
1123,1002202,89191
1124,1002400,25662
1125,1002500,16081
1126,1002601,35161
1127,1002602,50169
1128,1002700,51550
1129,1002800,41155
1130,1002900,27227
1131,1003001,59250
1132,1003002,41935
1133,1003100,135573
1134,1003200,54820
1135,1003300,164656
1136,1003400,63469
1137,1003601,39643
1138,1003602,55565
1139,1003700,75556
1140,1003800,54365
1141,1003900,77200
1142,1004000,81466
1143,1004100,28250
1144,1004200,118229
1145,1004300,67449
1146,1004400,88595
1147,1004500,133886
1148,1004700,88487
1149,1004800,90241
1150,1004900,92500
1151,1005000,109637
1152,1005200,152014
1153,1005400,150110
1154,1005501,100368
1155,1005502,116250
1156,1005600,120766
1157,1005700,139236
1158,1005800,138750
1159,1005900,95926
1160,1006000,101369
1161,1006100,116471
1162,1006200,71111
1163,1006300,114963
1164,1006400,85098
1165,1006500,71121
1166,1006600,74382
1167,1006700,74706
1168,1006800,98555
1169,1006900,156719
1170,1007000,105903
1171,1007100,118057
1172,1007200,91431
1173,1007300,104857
1174,1007400,134531
1175,1007500,107978
1176,1007600,76659
1177,1007700,85859
1178,1007800,112768
1179,1007900,132054
1180,1008000,115148
1181,1008100,94292
1182,1008200,106273
1183,1008300,49750
1184,1008400,129625
1185,1008601,127000
1186,1008602,-
1187,1008603,155417
1188,1008700,110642
1189,1008800,95095
1190,1008900,82500
1191,1009000,110982
1192,1009100,114655
1193,1009200,131786
1194,1009300,71862
1195,1009400,9750
1196,1009500,107375
1197,1009600,69250
1198,1009700,44611
1199,1009800,102817
1200,1009900,123631
1201,1010000,98977
1202,1010100,51827
1203,1010200,41010
1204,1010300,90938
1205,1010400,71618
1206,1010601,132475
1207,1010602,102981
1208,1010800,111339
1209,1010900,155278
1210,1011000,104835
1211,1011100,66513
1212,1011201,144659
1213,1011202,121250
1214,1011203,87675
1215,1011300,118487
1216,1011401,171000
1217,1011402,104911
1218,1011500,77796
1219,1011600,67962
1220,1011700,82188
1221,1011800,115556
1222,1011900,12430
1223,1012000,152353
1224,1012100,56764
1225,1012200,166071
1226,1012400,98514
1227,1012500,125787
1228,1012600,96789
1229,1012700,65045
1230,1012800,164688
1231,1012900,86875
1232,1013000,247167
1233,1013100,110147
1234,1013200,74014
1235,1013300,74063
1236,1013400,101900
1237,1013500,40231
1238,1013600,98179
1239,1013700,131250
1240,1013800,94622
1241,1013900,69175
1242,1014000,168661
1243,1014200,206708
1244,1014300,-
1245,1014401,128417
1246,1014402,82813
1247,1014500,157560
1248,1014601,100455
1249,1014602,94366
1250,1014700,96635
1251,1014801,158167
1252,1014802,104514
1253,1014900,142452
1254,1015001,125268
1255,1015002,172179
1256,1015100,77500
1257,1015200,82861
1258,1015300,123894
1259,1015400,81053
1260,1015500,109419
1261,1015601,86759
1262,1015602,44896
1263,1015700,95926
1264,1015801,141857
1265,1015802,83158
1266,1015900,115833
1267,1016001,184583
1268,1016002,82750
1269,1016100,120096
1270,1016200,29787
1271,1016300,103589
1272,1016400,31787
1273,1016500,122674
1274,1016600,37174
1275,1016700,108281
1276,1016800,28196
1277,1016900,106194
1278,1017000,41236
1279,1017100,129167
1280,1017200,33176
1281,1017300,103182
1282,1017401,24013
1283,1017402,31974
1284,1017500,133427
1285,1017700,50924
1286,1017800,33182
1287,1017900,75098
1288,1018000,23886
1289,1018100,77686
1290,1018200,28567
1291,1018300,75481
1292,1018400,25900
1293,1018500,80909
1294,1018600,19446
1295,1018700,68542
1296,1018800,31867
1297,1018900,33482
1298,1019000,55469
1299,1019100,88445
1300,1019200,16197
1301,1019300,34537
1302,1019400,17889
1303,1019500,88608
1304,1019600,15625
1305,1019701,107014
1306,1019702,57083
1307,1019800,70833
1308,1019900,57198
1309,1020000,64286
1310,1020101,57308
1311,1020102,40140
1312,1020300,26406
1313,1020500,105000
1314,1020600,33483
1315,1020701,30456
1316,1020800,34802
1317,1020901,24787
1318,1021000,34441
1319,1021100,51825
1320,1021200,55591
1321,1021303,42767
1322,1021400,36104
1323,1021500,31875
1324,1021600,39338
1325,1021703,-
1326,1021800,40058
1327,1021900,17306
1328,1022000,35885
1329,1022102,51005
1330,1022200,32572
1331,1022301,27477
1332,1022302,21635
1333,1022400,20355
1334,1022500,38205
1335,1022600,37656
1336,1022700,42289
1337,1022800,33863
1338,1022900,37018
1339,1023000,26745
1340,1023100,38786
1341,1023200,22932
1342,1023300,35278
1343,1023400,41343
1344,1023501,38158
1345,1023502,23500
1346,1023600,38481
1347,1023700,34925
1348,1023801,74109
1349,1023802,101691
1350,1023900,23375
1351,1024000,-
1352,1024100,43805
1353,1024200,21250
1354,1024301,27604
1355,1024302,18720
1356,1024500,33860
1357,1024700,35417
1358,1024900,31200
1359,1025100,37905
1360,1025300,33975
1361,1025500,39059
1362,1025700,54310
1363,1025900,52774
1364,1026100,30313
1365,1026300,26604
1366,1026500,44458
1367,1026700,37000
1368,1026900,27324
1369,1027100,42178
1370,1027300,70644
1371,1027500,85139
1372,1027700,27218
1373,1027900,38994
1374,1028100,81563
1375,1028300,38502
1376,1028500,31514
1377,1028700,50816
1378,1029100,34387
1379,1029300,34070
1380,1029500,59341
1381,1029700,-
1382,1029900,25121
1383,1030300,51757
1384,1030700,62139
1385,1030900,34354
1386,1031100,-
1387,1031703,188144
1388,1031704,149364
1389,1031900,-
1390,4000100,123929
1391,4000200,47531
1392,4000400,60651
1393,4000600,49375
1394,4000700,62031
1395,4000800,60169
1396,4001000,56029
1397,4001200,54821
1398,4001400,59079
1399,4001600,49792
1400,4001800,48393
1401,4001900,81731
1402,4002000,55759
1403,4002200,43269
1404,4002400,78110
1405,4002500,19715
1406,4002600,88304
1407,4002800,54398
1408,4003000,76014
1409,4003100,55184
1410,4003200,64559
1411,4003300,58793
1412,4003400,61742
1413,4003600,53650
1414,4003700,-
1415,4003800,51063
1416,4003900,32277
1417,4004001,54675
1418,4004002,62674
1419,4004200,50469
1420,4004300,13859
1421,4004401,53678
1422,4004500,76731
1423,4004700,27014
1424,4005000,-
1425,4005100,37109
1426,4005200,48750
1427,4005300,58973
1428,4005400,56743
1429,4005500,50591
1430,4005700,47235
1431,4005800,67623
1432,4005900,57841
1433,4006100,51903
1434,4006201,55527
1435,4006202,55884
1436,4006300,47016
1437,4006501,54802
1438,4006502,63651
1439,4006900,43587
1440,4007100,43396
1441,4007300,56420
1442,4007500,44120
1443,4007700,64844
1444,4007900,40625
1445,4008100,56507
1446,4008300,50259
1447,4008500,40625
1448,4008600,66020
1449,4008700,22383
1450,4008800,74129
1451,4009100,66477
1452,4009400,50184
1453,4009500,57938
1454,4009600,53953
1455,4009700,65221
1456,4009800,54031
1457,4009900,-
1458,4010000,80150
1459,4010100,56393
1460,4010200,51667
1461,4010300,48258
1462,4010400,53581
1463,4010500,39091
1464,4010600,51792
1465,4010701,-
1466,4010800,52361
1467,4011000,49375
1468,4011100,78125
1469,4011200,44837
1470,4011300,57425
1471,4011400,60699
1472,4011500,54510
1473,4011600,43250
1474,4011700,64310
1475,4011800,62443
1476,4011900,47604
1477,4012000,72237
1478,4012100,53527
1479,4012200,43750
1480,4012301,65379
1481,4012400,57316
1482,4012500,56154
1483,4012601,54805
1484,4012602,53155
1485,4012800,59659
1486,4013000,82083
1487,4013200,56012
1488,4013400,57641
1489,4013500,59136
1490,4013600,41875
1491,4013700,58409
1492,4013800,52439
1493,4014000,58393
1494,4014100,48947
1495,4014201,55188
1496,4014202,49496
1497,4014300,53208
1498,4014400,53861
1499,4014500,55435
1500,4014700,54107
1501,4014800,55653
1502,4014900,47782
1503,4015000,64167
1504,4015100,59384
1505,4015200,51442
1506,4015300,57868
1507,4015400,66417
1508,4015500,63611
1509,4015600,54861
1510,4015700,36552
1511,4015801,48125
1512,4015802,60743
1513,4015900,43876
1514,4016100,51635
1515,4016300,29205
1516,4016400,51058
1517,4016600,54494
1518,4016800,58511
1519,4016900,63180
1520,4017000,48667
1521,4017100,-
1522,4017200,58500
1523,4017400,65719
1524,4017600,61179
1525,4017800,50893
1526,4017900,39146
1527,4018000,43400
1528,4018101,41121
1529,4018102,53910
1530,4018200,51000
1531,4018300,53984
1532,4018401,55298
1533,4018402,52500
1534,4018501,52557
1535,4018502,62807
1536,4018600,57314
1537,4018700,67273
1538,4018800,84837
1539,4018900,52059
1540,4019000,63488
1541,4019200,56250
1542,4019400,62366
1543,4019600,55114
1544,4019800,42226
1545,4019900,52852
1546,4020200,57022
1547,4020400,39286
1548,4020500,48533
1549,4020600,53125
1550,4020800,50417
1551,4021200,48519
1552,4021400,51127
1553,4021600,64428
1554,4021900,-
1555,4022001,55784
1556,4022002,60972
1557,4022900,-
1558,4023000,67857
1559,4023200,68721
1560,4023500,48000
1561,4023600,37107
1562,4023800,41009
1563,4024000,37184
1564,4024300,52235
1565,4024500,37344
1566,4024600,-
1567,4024700,58839
1568,4024900,64118
1569,4025100,55514
1570,4025301,44000
1571,4025302,47021
1572,4025400,26644
1573,4025500,70045
1574,4025700,68542
1575,4025800,65673
1576,4025900,52212
1577,4026000,41989
1578,4026100,46161
1579,4026200,49583
1580,4026300,43176
1581,4026400,44894
1582,4026500,40716
1583,4026600,20850
1584,4026700,55722
1585,4026901,44340
1586,4026902,42969
1587,4027000,56607
1588,4027100,37190
1589,4027200,51157
1590,4027300,48136
1591,4027400,66458
1592,4027500,47530
1593,4027600,53164
1594,4027700,40477
1595,4027800,34219
1596,4027900,43165
1597,4028000,76719
1598,4028100,61757
1599,4028200,63889
1600,4028300,46622
1601,4028400,71767
1602,4028500,66346
1603,4028700,43058
1604,4028800,68750
1605,4028900,53574
1606,4029100,49656
1607,4029300,58558
1608,4029400,59000
1609,4029500,68059
1610,4029700,62708
1611,4029900,-
1612,4030600,79116
1613,4030902,51104
1614,4030903,45982
1615,4030904,57772
1616,4031700,68295
1617,4032000,83889
1618,4032700,63750
1619,4032800,69917
1620,4032900,63813
1621,4033000,74058
1622,4033100,-
1623,4033401,60820
1624,4033402,43321
1625,4033700,39702
1626,4033900,56544
1627,4034700,56936
1628,4035100,58070
1629,4035200,59561
1630,4035300,52011
1631,4035700,49045
1632,4035800,68565
1633,4036100,40114
1634,4036300,63355
1635,4036500,63275
1636,4036600,52531
1637,4036700,57105
1638,4036800,70104
1639,4037100,55500
1640,4037300,57284
1641,4037500,40774
1642,4037600,76104
1643,4037700,42414
1644,4037900,51866
1645,4038100,43253
1646,4038301,-
1647,4038302,100000
1648,4038400,69489
1649,4039400,60417
1650,4039800,60000
1651,4039900,42169
1652,4040000,52386
1653,4040100,43081
1654,4040200,84412
1655,4040300,51307
1656,4040400,58969
1657,4040500,47560
1658,4040700,47888
1659,4040900,44821
1660,4041100,36875
1661,4041300,61944
1662,4041400,44647
1663,4041500,57683
1664,4042400,93971
1665,4042600,-
1666,4042700,47409
1667,4043200,79741
1668,4043400,82969
1669,4043701,60625
1670,4043702,43837
1671,4043900,40217
1672,4044000,51855
1673,4044301,24243
1674,4044302,52879
1675,4044400,22421
1676,4044601,34545
1677,4044602,39157
1678,4044800,44435
1679,4045000,50240
1680,4045200,65000
1681,4045400,45568
1682,4045500,49235
1683,4045600,53333
1684,4045700,46506
1685,4045800,77857
1686,4045900,57121
1687,4046000,28308
1688,4046100,48661
1689,4046200,40163
1690,4046300,45020
1691,4046400,71146
1692,4046500,48125
1693,4046600,64427
1694,4046700,43464
1695,4046800,47813
1696,4046900,38750
1697,4047000,56684
1698,4047100,32565
1699,4047200,64345
1700,4047300,55488
1701,4047500,46250
1702,4047600,131250
1703,4047800,47259
1704,4047900,58638
1705,4048000,61181
1706,4048100,40394
1707,4048200,56607
1708,4048300,47989
1709,4048400,62284
1710,4048500,53750
1711,4048900,42459
1712,4049200,52615
1713,4049301,63865
1714,4049302,40179
1715,4049500,64007
1716,4049600,65625
1717,4049700,60081
1718,4049900,51921
1719,4050000,41883
1720,4050201,96445
1721,4050202,68242
1722,4050400,68482
1723,4050500,72846
1724,4050600,61613
1725,4050700,75556
1726,4050800,56667
1727,4051000,88250
1728,4051100,56000
1729,4051200,76927
1730,4051300,59297
1731,4051500,60893
1732,4051600,79942
1733,4051700,65714
1734,4051800,70875
1735,4052000,87391
1736,4052100,64318
1737,4052200,97000
1738,4052400,66250
1739,4052500,75882
1740,4052600,78750
1741,4052800,46786
1742,4053000,57917
1743,4053100,52656
1744,4053200,85685
1745,4053401,78000
1746,4053500,37430
1747,4053601,89167
1748,4053800,81544
1749,4053900,63351
1750,4054000,59531
1751,4054200,72694
1752,4054500,42717
1753,4054700,44280
1754,4054800,90893
1755,4054900,43271
1756,4055100,37143
1757,4055200,57938
1758,4055300,30417
1759,4055400,76538
1760,4055500,47000
1761,4055600,72162
1762,4055700,38917
1763,4055800,83125
1764,4055900,26103
1765,4056000,74590
1766,4056100,105625
1767,4056200,76611
1768,4056400,70500
1769,4056500,37120
1770,4056600,86154
1771,4056700,61418
1772,4056800,65956
1773,4057700,51525
1774,4057900,26686
1775,4058000,84028
1776,4058100,50292
1777,4058200,64178
1778,4058300,62500
1779,4058500,54784
1780,4058700,43924
1781,4058900,45273
1782,4059000,74286
1783,4059100,47432
1784,4059200,85909
1785,4059300,53458
1786,4059400,84482
1787,4059500,56496
1788,4059600,91094
1789,4059800,63400
1790,4059900,78333
1791,4060000,60905
1792,4060100,61875
1793,4060300,50663
1794,4060600,77083
1795,4060701,-
1796,4060800,101500
1797,4061000,88510
1798,4061200,64893
1799,4061301,63617
1800,4061302,-
1801,4061400,103802
1802,4061601,103714
1803,4061602,73250
1804,4061800,60300
1805,4061900,53250
1806,4062000,97647
1807,4062100,49944
1808,4062200,82188
1809,4062300,51926
1810,4062400,-
1811,4062500,62423
1812,4062600,82008
1813,4062700,59861
1814,4062900,50395
1815,4063000,79596
1816,4063200,84833
1817,4063301,65893
1818,4063302,69357
1819,4063500,65380
1820,4063700,54638
1821,4063800,79278
1822,4063900,66075
1823,4064101,55625
1824,4064102,26250
1825,4064500,83864
1826,4064600,75882
1827,4065000,94531
1828,4065400,83517
1829,4065501,-
1830,4065600,87485
1831,4065702,45709
1832,4065703,71548
1833,4065900,76891
1834,4066000,86389
1835,4066100,68977
1836,4066300,62647
1837,4066400,81682
1838,4066501,65500
1839,4066701,77865
1840,4066900,62656
1841,4067100,67500
1842,4067700,84667
1843,4067900,44667
1844,4068000,75658
1845,4068200,90385
1846,4068300,53750
1847,4068700,64151
1848,4069000,75781
1849,4069300,53427
1850,4069400,79602
1851,4069500,56125
1852,4069701,46431
1853,4069702,69840
1854,4070300,64728
1855,4070700,89107
1856,4070900,101739
1857,4071100,71655
1858,4071303,65886
1859,4071304,57095
1860,4071305,79323
1861,4071306,55404
1862,4071600,-
1863,4071701,53667
1864,4071702,43382
1865,4071900,31429
1866,4072100,60194
1867,4072300,139875
1868,4072900,84766
1869,4073100,95938
1870,4073700,75202
1871,4073900,90286
1872,4074100,66172
1873,4074300,51360
1874,4074500,43071
1875,4074700,62929
1876,4074900,114167
1877,4075701,72063
1878,4075702,66583
1879,4076901,75506
1880,4076902,72813
1881,4077300,61506
1882,4077500,42451
1883,4077902,75337
1884,4077903,62655
1885,4077904,55714
1886,4077905,69538
1887,4077906,47050
1888,4077907,51125
1889,4077908,40348
1890,4078800,54594
1891,4079000,58750
1892,4079200,70000
1893,4079300,-
1894,4079701,49297
1895,4079702,32133
1896,4079900,58696
1897,4080301,53298
1898,4080302,52069
1899,4080900,59432
1900,4081400,61213
1901,4081800,64667
1902,4083700,51500
1903,4083800,64712
1904,4084000,57868
1905,4084500,34899
1906,4084601,94602
1907,4084602,62995
1908,4084900,47035
1909,4085300,39861
1910,4085500,47802
1911,4085700,33545
1912,4085900,34986
1913,4086100,46935
1914,4086300,32518
1915,4086400,63060
1916,4086500,27398
1917,4086900,46650
1918,4087100,16063
1919,4088400,72052
1920,4088901,50803
1921,4089200,92745
1922,4090700,45398
1923,4091601,86941
1924,4091602,-
1925,4091800,-
1926,4091900,65597
1927,4092200,114375
1928,4092500,50611
1929,4092800,119954
1930,4092900,79622
1931,4093401,85203
1932,4093402,79250
1933,4093800,42004
1934,4093900,70667
1935,4094201,52850
1936,4094202,48583
1937,4094203,49180
1938,4094500,72023
1939,4094700,56389
1940,4095400,46210
1941,4096400,69209
1942,4097202,18370
1943,4097203,18976
1944,4097204,40759
1945,4097300,91136
1946,4098100,72500
1947,4098700,86328
1948,4099100,86385
1949,4099200,43964
1950,4099701,70000
1951,4099703,89409
1952,4099704,67179
1953,4099705,99478
1954,4099801,52042
1955,4099802,20589
1956,4099900,-
1957,4100801,78730
1958,4100802,58281
1959,4101001,34774
1960,4101002,23750
1961,4101700,63310
1962,4102900,81528
1963,4103201,24152
1964,4103202,48973
1965,4103300,73328
1966,4103900,68958
1967,4104700,73912
1968,4105900,78125
1969,4107201,78203
1970,4107202,-
1971,4108500,83264
1972,4109300,94821
1973,4109700,84095
1974,4109900,56369
1975,4111300,121200
1976,4112300,69602
1977,4112900,78723
1978,4113300,87813
1979,4113900,66429
1980,4114100,97500
1981,4114700,110344
1982,4115100,88750
1983,4115500,84459
1984,4115700,65669
1985,4115900,47833
1986,4116100,43115
1987,4116300,34147
1988,4116700,55523
1989,4117100,51721
1990,4117500,58039
1991,4118100,55885
1992,4118500,50867
1993,4118700,63958
1994,4118900,59048
1995,4119100,53354
1996,4119300,58438
1997,4119500,82946
1998,4119900,68529
1999,4120100,43281
2000,4120300,56607
2001,4120500,38000
2002,4120700,83810
2003,4121100,-
2004,4121500,57566
2005,4122300,83929
2006,4122701,49294
2007,4122702,22428
2008,4124100,73092
2009,4124700,87143
2010,4125700,52900
2011,4126500,41283
2012,4126700,90357
2013,4127700,99375
2014,4128300,130096
2015,4129102,106250
2016,4129103,69700
2017,4129104,74812
2018,4130100,71849
2019,4133300,82404
2020,4133900,96328
2021,4134100,80461
2022,4134700,55777
2023,4136700,64861
2024,4137700,66648
2025,4138501,79926
2026,4138502,-
2027,4139900,75069
2028,4140300,74901
2029,4140901,64643
2030,4140902,74825
2031,4141700,85671
2032,4142900,60000
2033,4143500,79375
2034,4144100,68125
2035,4144700,59567
2036,4145101,57617
2037,4145102,78547
2038,4145900,81350
2039,4146300,66875
2040,4146700,58785
2041,4147100,68942
2042,4147900,81585
2043,4148300,136053
2044,4150701,106071
2045,4150702,84648
2046,4152901,76607
2047,4152902,82514
2048,4155101,61912
2049,4155102,76373
2050,4156700,74583
2051,4157101,77545
2052,4157102,67208
2053,4157901,81027
2054,4157902,75652
2055,4157903,77121
2056,4161700,95702
2057,4162100,69124
2058,4990100,-
2059,5000300,53953
2060,5000600,39028
2061,5000700,37650
2062,5000800,67530
2063,5000900,78750
2064,5001100,36458
2065,5001700,51250
2066,5001800,54009
2067,5002001,66278
2068,5002002,83295
2069,5002100,45662
2070,5002700,31250
2071,5002900,33902
2072,5003300,63226
2073,5003600,80595
2074,5003900,62500
2075,5004000,37035
2076,5004700,69066
2077,5005000,66083
2078,5005900,77917
2079,5006400,49457
2080,5006700,87375
2081,5007000,65823
2082,5007400,72321
2083,5007500,58333
2084,5007700,54761
2085,5008100,41500
2086,5009601,54375
2087,5009602,58972
2088,5009700,79567
2089,5010500,54868
2090,5011201,72891
2091,5011202,78421
2092,5011401,47071
2093,5011402,73403
2094,5012100,91786
2095,5012200,80735
2096,5012500,56779
2097,5012804,74261
2098,5012805,77788
2099,5012806,59014
2100,5013201,72199
2101,5013203,84351
2102,5013204,81172
2103,5013301,18039
2104,5013302,62552
2105,5013400,71844
2106,5013800,98182
2107,5014100,44573
2108,5014604,90072
2109,5014605,86316
2110,5014606,92871
2111,5014607,83475
2112,5014608,92262
2113,5014700,99219
2114,5015100,89229
2115,5015400,-
2116,5015601,77500
2117,5015602,85203
2118,5015603,94031
2119,5016901,54119
2120,5017005,99813
2121,5017007,73600
2122,5017008,90876
2123,5017009,77111
2124,5017010,92854
2125,5017011,84718
2126,5017012,75781
2127,5017300,35417
2128,5017600,99583
2129,5017700,92388
2130,5018100,96551
2131,5018701,84773
2132,5018702,85500
2133,5018901,77861
2134,5018902,80313
2135,5019700,84583
2136,5019800,104569
2137,5020100,87096
2138,5020700,38092
2139,5020801,68399
2140,5020803,87516
2141,5020804,97083
2142,5021300,59508
2143,5022300,62500
2144,5022600,77550
2145,5022800,"250,000"
2146,5023100,57793
2147,5023900,58636
2148,5024401,103769
2149,5024402,79508
2150,5024700,62727
2151,5024800,81856
2152,5025100,81217
2153,5027301,82656
2154,5027302,93109
2155,5027702,65032
2156,5027704,92406
2157,5027705,84891
2158,5027706,63958
2159,5027900,85391
2160,5029102,78063
2161,5029103,72588
2162,5029104,71491
2163,5030301,65987
2164,5030302,72467
2165,5031901,31219
2166,5031902,38571
2167,5032300,30875
2168,5990100,-